Date,Time,Headline,Publisher,URL,Topic,Source_Weight,Raw_Bullish,Raw_Bearish,Weighted_Bullish,Weighted_Bearish,NSS
2026-08-12,07:29:01,India bonds hemmed in by oil worries ahead of inflation data,The Times of India,https://economictimes.indiatimes.com/markets/bonds/india-bonds-hemmed-in-by-oil-worries-ahead-of-inflation-data/articleshow/133174882.cms,Macro,0.5,0.21561706066131592,0.7119175791740417,0.10780853033065796,0.3559587895870209,-0.24815025925636292
2026-08-12,07:49:22,"Three killed in overnight attacks on Russian, Ukrainian port cities",Al Jazeera English,https://www.aljazeera.com/news/2026/8/12/three-killed-in-overnight-attacks-on-russian-ukrainian-port,Macro,0.5,0.013820381835103035,0.914948046207428,0.0069101909175515175,0.457474023103714,-0.45056383218616247
2026-08-12,07:49:48,U.S. stocks fall after Iran says Strait of Hormuz will remain shut,Biztoc.com,https://biztoc.com/x/d40f933a0317be2d,Geopolitics,0.5,0.009969313628971577,0.9564560055732727,0.004984656814485788,0.47822800278663635,-0.47324334597215056
2026-08-12,07:54:34,UK’s biggest power supplier issues solar eclipse warning,RT,https://www.rt.com/news/644111-uk-energy-solar-eclipse/,Supply,0.5,0.05147441476583481,0.023428745567798615,0.025737207382917404,0.011714372783899307,0.014022834599018097
2026-08-12,07:56:47,Companies embrace IPOs but investors turn more cautious,Hurriyet Daily News,https://www.hurriyetdailynews.com/companies-embrace-ipos-but-investors-turn-more-cautious-225526,Macro,0.5,0.09051544219255447,0.1813393384218216,0.04525772109627724,0.0906696692109108,-0.04541194811463356
2026-08-12,08:03:57,"Dollar ticks up on Iran tensions, with US data in focus",CNA,https://www.channelnewsasia.com/business/dollar-ticks-up-iran-tensions-us-data-in-focus-6313356,Geopolitics,0.5,0.6757738590240479,0.23115284740924835,0.3378869295120239,0.11557642370462418,0.22231050580739975
2026-08-12,08:06:56,"IEA sees sharper oil supply deficit amid Iran conflict, potential price rise",Crypto Briefing,https://cryptobriefing.com/iea-sees-sharper-oil-supply-deficit-amid-iran-conflict-potential-price-rise/,Supply,0.5,0.01962401531636715,0.9482109546661377,0.009812007658183575,0.47410547733306885,-0.4642934696748853
2026-08-12,08:07:06,"CNBC Daily Open: Chips, ships and a sliding yen",CNBC,https://www.cnbc.com/2026/08/12/cnbc-daily-open-chips-hormuz-yen.html,Macro,1.0,0.07628650963306427,0.7257277369499207,0.07628650963306427,0.7257277369499207,-0.6494412273168564
2026-08-12,08:08:15,"Hormuz closure squeezes global economy as oil demand destruction intensifies, IEA says",CNBC,https://www.cnbc.com/2026/08/12/iea-oil-demand-hormuz.html,Macro,1.0,0.009620890021324158,0.9550504088401794,0.009620890021324158,0.9550504088401794,-0.9454295188188553
2026-08-12,08:13:47,UAE Offers to Shuttle Iraqi Oil through Hormuz,Rigzone,https://www.rigzone.com/news/wire/uae_offers_to_shuttle_iraqi_oil_through_hormuz-12-aug-2026-184352-article/,Supply,0.5,0.5192385315895081,0.011986671015620232,0.25961926579475403,0.005993335507810116,0.2536259302869439
2026-08-12,08:15:56,Pokhara LPG shortage persists despite increased supply,Khabarhub.com,https://english.khabarhub.com/2026/12/562933/,Supply,0.5,0.12067978829145432,0.7957051992416382,0.06033989414572716,0.3978525996208191,-0.33751270547509193
2026-08-12,08:18:48,Global Market: Japanese bond yields rise as traders price September BOJ rate hike,The Times of India,https://economictimes.indiatimes.com/markets/us-stocks/wall-street-guide/global-market-japanese-bond-yields-rise-as-traders-price-september-boj-rate-hike/articleshow/133176070.cms,Macro,0.5,0.43411779403686523,0.5243016481399536,0.21705889701843262,0.2621508240699768,-0.04509192705154419
2026-08-12,08:20:12,"Hormuz Standoff Derails Oil Supply Recovery and Deepens Demand Slump, IEA Says",Biztoc.com,https://biztoc.com/x/a85eaa62463316a8,Geopolitics,0.5,0.009287913329899311,0.9563138484954834,0.0046439566649496555,0.4781569242477417,-0.47351296758279204
2026-08-12,08:21:08,UAE shuttles oil exports from Iraq through the Strait of Hormuz,Bloomberg,https://www.bloomberg.com/news/articles/2026-08-12/uae-shuttles-oil-exports-from-iraq-through-the-strait-of-hormuz,Supply,1.5,0.1891448199748993,0.01294116210192442,0.28371722996234894,0.01941174315288663,0.2643054868094623
2026-08-12,08:21:51,"European stocks steady, oil rises before CPI",Biztoc.com,https://biztoc.com/x/4008bc1772c1a237,Macro,0.5,0.7785094380378723,0.08182518929243088,0.38925471901893616,0.04091259464621544,0.3483421243727207
2026-08-12,08:22:12,"Sensex, Nifty trade lower ahead of CPI data; European mrkt decline",Business Standard,https://www.business-standard.com/markets/capital-market-news/sensex-nifty-trade-lower-ahead-of-cpi-data-european-mrkt-decline-126081200880_1.html,Macro,0.5,0.324268639087677,0.6152247190475464,0.1621343195438385,0.3076123595237732,-0.1454780399799347
2026-08-12,08:22:52,IEA Sees Wider Oil Supply Deficit Despite Hit to Demand From War,Financial Post,https://financialpost.com/pmn/business-pmn/iea-sees-wider-oil-supply-deficit-despite-hit-to-demand-from-war,Supply,0.5,0.028764529153704643,0.9498937726020813,0.014382264576852322,0.47494688630104065,-0.46056462172418833
2026-08-12,08:22:52,"Oil supply shortfall worsens despite hit to demand from Iran war, says IEA",Financial Post,https://financialpost.com/commodities/energy/oil-gas/oil-supply-shortfall-worsens-iea,Supply,0.5,0.01836918294429779,0.9592809677124023,0.009184591472148895,0.47964048385620117,-0.4704558923840523
2026-08-12,08:27:21,"Why is the market falling today? Sensex falls over 550 points, Nifty below 24,300: Key factors",The Times of India,https://economictimes.indiatimes.com/markets/stocks/news/why-is-the-market-falling-today-sensex-falls-570-points-nifty-below-24300-key-factors/articleshow/133176165.cms,Macro,0.5,0.03170071169734001,0.5158771276473999,0.015850355848670006,0.25793856382369995,-0.24208820797502995
2026-08-12,08:52:48,Ministry prepares diesel tax relief amid oil price rise,Hurriyet Daily News,https://www.hurriyetdailynews.com/ministry-prepares-diesel-tax-relief-amid-oil-price-rise-225527,Macro,0.5,0.17128673195838928,0.7460963726043701,0.08564336597919464,0.37304818630218506,-0.2874048203229904
2026-08-12,08:53:08,"Ashish Kacholia, Vijay Kedia beat Nifty in Q1, portfolios swell up to 40%",The Times of India,https://economictimes.indiatimes.com/markets/stocks/news/ashish-kacholia-vijay-kedia-beat-nifty-in-q1-portfolios-swell-up-to-40/articleshow/133176614.cms,Macro,0.5,0.9339296817779541,0.015136118978261948,0.46696484088897705,0.007568059489130974,0.4593967813998461
2026-08-12,09:00:00,2026 Car Imports Are Down 20% Under Trump Tariffs. And So Are Exports,Forbes,https://www.forbes.com/sites/kenroberts/2026/08/12/2026-car-imports-are-down-20-under-trump-tariffs-and-so-are-exports/,Macro,0.5,0.009262727573513985,0.9705047011375427,0.004631363786756992,0.48525235056877136,-0.48062098678201437
2026-08-12,09:00:00,Inflation in focus as wage growth slows for workers,NBC News,https://www.nbcnews.com/business/economy/cpi-inflation-july-2026-rcna591698,Macro,0.5,0.017799561843276024,0.9373835325241089,0.008899780921638012,0.46869176626205444,-0.45979198534041643
2026-08-12,09:00:01,Inflation is expected to cool again in today's July CPI report,Business Insider,https://www.businessinsider.com/cpi-inflation-july-consumer-price-index-2026-8#article,Macro,0.5,0.3111571669578552,0.1286393702030182,0.1555785834789276,0.0643196851015091,0.09125889837741852
2026-08-12,09:00:33,Four ways to harden America's power grid before our global enemies strike,Fox News,https://www.foxnews.com/opinion/four-ways-harden-americas-power-grid-global-enemies-strike,Macro,0.5,0.13299135863780975,0.013405654579401016,0.06649567931890488,0.006702827289700508,0.05979285202920437
2026-08-12,09:04:46,Explained: Why shipping costs through Panama Canal are soaring now,Business Standard,https://www.business-standard.com/world-news/panama-canal-transit-fees-record-high-el-nino-iran-war-shipping-us-iran-war-hormuz-126081200956_1.html,Macro,0.5,0.35911116003990173,0.050958577543497086,0.17955558001995087,0.025479288771748543,0.15407629124820232
2026-08-12,09:13:05,The Trump administration claims oil is flowing normally again. There’s just one problem - CNN,Slashdot.org,https://slashdot.org/firehose.pl?op=view&amp;id=184935544,Macro,0.5,0.10721151530742645,0.12377782166004181,0.053605757653713226,0.061888910830020905,-0.008283153176307678
2026-08-12,09:15:00,Aftermath: Donald Trump Invented a New Forever War,The American Prospect,https://prospect.org/2026/08/12/aftermath-donald-trump-invented-new-forever-war/,Macro,0.5,0.05838453397154808,0.028662126511335373,0.02919226698577404,0.014331063255667686,0.014861203730106354
2026-08-12,09:18:09,July inflation report to provide crucial signs of where prices are headed,Abcnews.com,https://abcnews.com/Business/wireStory/july-inflation-report-provide-crucial-signs-prices-headed-135566956,Macro,0.5,0.2205299288034439,0.020896922796964645,0.11026496440172195,0.010448461398482323,0.09981650300323963
2026-08-12,09:20:12,EU Says Power System Stable despite Extreme Weather,Rigzone,https://www.rigzone.com/news/eu_says_power_system_stable_despite_extreme_weather-12-aug-2026-184354-article/,Supply,0.5,0.7618241310119629,0.033932119607925415,0.38091206550598145,0.016966059803962708,0.36394600570201874
2026-08-12,09:20:15,"Oil outlook: Brent may rise to $95-97 amid Hormuz risks, says Kotak Sec",Business Standard,https://www.business-standard.com/markets/commodities/oil-outlook-brent-may-rise-to-95-97-amid-hormuz-risks-says-kotak-sec-126081200980_1.html,Macro,0.5,0.9164220690727234,0.0512634702026844,0.4582110345363617,0.0256317351013422,0.4325792994350195
2026-08-12,09:20:24,"Nifty trades below 24,300 level; FMCG shares underpressure",Business Standard,https://www.business-standard.com/markets/capital-market-news/nifty-trades-below-24-300-level-fmcg-shares-underpressure-126081200998_1.html,Macro,0.5,0.1278018057346344,0.8252866268157959,0.0639009028673172,0.41264331340789795,-0.34874241054058075
2026-08-12,09:28:17,Oman crude falls to $86.93,Omanobserver.om,https://www.omanobserver.om/article/1194373/business/energy/oman-crude-falls-to-8693,Macro,0.5,0.036524832248687744,0.9109498858451843,0.018262416124343872,0.45547494292259216,-0.4372125267982483
2026-08-12,09:29:30,"Global Market: European shares subdued as investors assess earnings, geopolitical risks ahead of US inflation data",The Times of India,https://economictimes.indiatimes.com/markets/us-stocks/news/global-market-european-shares-subdued-as-investors-assess-earnings-geopolitical-risks-ahead-of-us-inflation-data/articleshow/133177703.cms,Geopolitics,0.5,0.017264598980545998,0.963526725769043,0.008632299490272999,0.4817633628845215,-0.4731310633942485
2026-08-12,09:30:00,Brent Tops $89 Amid U.S.-Iran Stalemate Over Hormuz,OilPrice.com,https://oilprice.com/Energy/Oil-Prices/Brent-Tops-89-Amid-US-Iran-Stalemate-Over-Hormuz.html,Geopolitics,0.5,0.6179618835449219,0.3360011875629425,0.30898094177246094,0.16800059378147125,0.14098034799098969
2026-08-12,09:30:56,"Most people assume the Dutch have always cycled, but in the 1960s the Netherlands was rebuilding its cities for cars — in 1972, 3,264 people died on its roads",Space Daily,https://spacedaily.com/m-most-people-assume-the-dutch-have-always-cycled-but-in-the-1960s-the-netherlands-was-rebuilding-its-cities-for-cars/,Macro,0.5,0.027266357094049454,0.1968763768672943,0.013633178547024727,0.09843818843364716,-0.08480500988662243
2026-08-12,09:32:17,Hormuz shipping traffic falls to one-week low amid hostilities - Reuters,Slashdot.org,https://slashdot.org/firehose.pl?op=view&amp;id=184935616,Macro,0.5,0.008844112977385521,0.960990846157074,0.0044220564886927605,0.480495423078537,-0.4760733665898442
2026-08-12,09:49:57,"Global Market: Euro zone bond yields dip ahead of US CPI, heavy debt supply",The Times of India,https://economictimes.indiatimes.com/markets/us-stocks/news/global-market-euro-zone-bond-yields-dip-ahead-of-us-cpi-heavy-debt-supply/articleshow/133178019.cms,Supply,0.5,0.012686352245509624,0.9669897556304932,0.006343176122754812,0.4834948778152466,-0.47715170169249177
2026-08-12,09:50:23,Ukraine Strikes Grain Terminals at Russia’s Key Black Sea Port,Financial Post,https://financialpost.com/pmn/business-pmn/ukraine-strikes-grain-terminals-at-russias-key-black-sea-port,Macro,0.5,0.026186879724264145,0.8970585465431213,0.013093439862132072,0.44852927327156067,-0.4354358334094286
2026-08-12,09:57:06,IEA cuts forecast for global oil demand,RTE,https://www.rte.ie/news/business/2026/0812/1587576-iea-oil-demand/,Macro,0.5,0.022977102547883987,0.8473531603813171,0.011488551273941994,0.42367658019065857,-0.4121880289167166
2026-08-12,10:00:00,Fiasco in the Factory: Taxpayers Funded a $533 Million Artillery Plant That Made Nothing,ProPublica,https://www.propublica.org/article/general-dynamics-artillery-factory-failed,Macro,0.5,0.04421399533748627,0.8751586079597473,0.022106997668743134,0.43757930397987366,-0.4154723063111305
2026-08-12,10:00:00,Cleveland Fed's Beth Hammack warns one rate hike won't cut it as inflation swallows workers' wage gains,Yahoo Entertainment,https://finance.yahoo.com/economy/policy/articles/cleveland-feds-beth-hammack-warns-100000049.html,Macro,1.0,0.14798782765865326,0.7730604410171509,0.14798782765865326,0.7730604410171509,-0.6250726133584976
2026-08-12,10:02:10,IEA cuts 2026 oil demand forecast amid Strait of Hormuz closure impact,Crypto Briefing,https://cryptobriefing.com/iea-cuts-2026-oil-demand-forecast-amid-strait-of-hormuz-closure-impact/,Macro,0.5,0.010782822035253048,0.9645264148712158,0.005391411017626524,0.4822632074356079,-0.4768717964179814
2026-08-12,10:03:19,testing long article,Dailymail.com,https://www.dailymail.com/news/article-16046757/testing-long-article.html,Macro,0.5,0.09136836975812912,0.0573560893535614,0.04568418487906456,0.0286780446767807,0.01700614020228386
2026-08-12,10:06:33,Timing The AI Boom To Bust,Biztoc.com,https://biztoc.com/x/6ce911bd06fca14b,Macro,0.5,0.1921820044517517,0.012376690283417702,0.09609100222587585,0.006188345141708851,0.089902657084167
2026-08-12,10:13:02,"Trump Claims Hormuz Control as US, Iran Harden Their Stances",gcaptain.com,https://gcaptain.com/trump-claims-hormuz-control-as-us-iran-harden-their-stances/,Geopolitics,0.5,0.07712114602327347,0.1265125721693039,0.038560573011636734,0.06325628608465195,-0.024695713073015213
2026-08-12,10:15:07,"Trump claims total control over Hormuz as US, Iran harden their stances",Business Standard,https://www.business-standard.com/world-news/trump-claims-total-control-over-hormuz-as-us-iran-harden-their-stances-126081201092_1.html,Geopolitics,0.5,0.09371010214090347,0.07604625076055527,0.046855051070451736,0.038023125380277634,0.008831925690174103
2026-08-12,10:20:44,‘An unattractive deal with Iran is the best of limited bad options’ if the U.S. wants to get oil flowing again,Fortune,https://fortune.com/2026/08/12/iran-oil-strait-of-hormuz/,Macro,0.5,0.33902508020401,0.05322788283228874,0.169512540102005,0.02661394141614437,0.14289859868586063
2026-08-12,10:24:54,Rupee nudges up on RBI intervention; investors eye inflation data,The Times of India,https://economictimes.indiatimes.com/markets/stocks/news/indian-rupee-nudges-up-on-rbi-intervention-investors-eye-inflation-data/articleshow/133179272.cms,Macro,0.5,0.5925464034080505,0.32415157556533813,0.29627320170402527,0.16207578778266907,0.1341974139213562
2026-08-12,10:27:22,Iran refutes Trump’s claim to ‘control’ Hormuz: What’s the latest in talks?,Al Jazeera English,https://www.aljazeera.com/news/2026/8/12/iran-refutes-trumps-claim-to-control-hormuz-whats-the-latest-in-talks,Geopolitics,0.5,0.06732475012540817,0.05409788712859154,0.033662375062704086,0.02704894356429577,0.0066134314984083176
