Date,Log_Return_1d,Log_Return_7d,Log_Return_14d,Log_Return_30d,Log_Return_60d,Log_Return_90d,Log_Return_120d,RSI_14,MACD_Hist,ATR_14_Pct,BB_Width,Volatility_30d,Close_to_SMA20,Close_to_SMA50,Close_to_SMA200,Volume_Change_1d,Bullish_FVG,Bearish_FVG,Swing_High,Swing_Low,Bullish_BOS,Bearish_BOS,Target_7d,Target_14d,Target_28d,Target_42d,Target_60d,Target_90d,Target_120d,Dist_to_Swing_High,Dist_to_Swing_Low,Fear_Greed_Score,SP500_Return_7d,BTC_Volatility_30d,Sentiment_Score,News_Volume,Sentiment_EMA_7d,Sentiment_EMA_30d,FearGreed_Score,FearGreed_EMA_7d,FearGreed_EMA_30d
2021-11-18,-2.3723382240726854,0.0762888553385476,-0.3335123187068732,0.2958011868146372,1.3324828763789989,1.2736681070405853,1.3998161267147704,48.43379431898865,0.1612646873692773,3.697038317011324,520.1804582438793,12.599533251900672,-0.3833230397747221,0.0176483021502668,0.7115620501788176,1.971231008342056,False,False,False,False,False,False,-0.2586436222141807,-0.3445987523202587,-0.5880506406316452,-0.6335922647074764,-0.668693020088832,-0.7446460390937127,-0.6246046714504093,-0.5279831394581788,0.079517144522207,54.0,0.0041087321696435,0.575991110064569,0.21156207,57.0,0.1359259825774206,0.15420440650420744,0.08,0.2880404223943214,0.3948354361376198
2021-11-19,-0.2484576393300423,-0.3742038520017944,-0.3776852491255241,-0.1163674441287508,1.195891105166617,1.0019058710827655,1.1647290634101095,47.8785359045507,0.0638324405179192,5.214822446517864,537.125679361714,12.618197222938678,-0.5051619498468933,-0.2150593283821961,0.3710569726451971,-0.635766788882915,False,False,True,False,False,True,-0.0734775086452695,-0.182869106811747,-0.4752902844374833,-0.5644977156826722,-0.5935191807103305,-0.7115215150923938,-0.5118126984194411,-0.9293862248788712,-0.1579734949664658,34.0,0.0109689297285165,0.5722863549050726,0.16229543,62.0,0.14251834465773205,0.1547264080780435,-0.32,0.13603031679574107,0.34871702090293466
2021-11-20,1.7754834206236871,1.9069073379352743,1.578428473278738,1.669409683792717,3.021074076522516,2.966421389533056,2.941559433029849,57.08850241086475,0.1208514310014491,0.9118035996663536,512.4034777704385,14.061651423142358,1.6606130074275267,3.2639683795769288,6.933097848819745,0.0931014545270456,False,False,False,False,False,False,-0.8383863730916753,-0.8699144324429403,-0.9120770452395288,-0.923285052125519,-0.9367450907867396,-0.9515366082427308,-0.9311130613512492,-0.5831574130844556,3.970595411554633,43.0,0.0109689297285165,0.5465749554286945,0.024119113,26.0,0.11291853665345386,0.1463001309530484,-0.14,0.0670227375968058,0.3171868905221002
2021-11-21,-1.524679816804251,0.2966084913319056,-0.0599985379926875,0.297728257601882,1.3684307217360745,1.2851378367108488,1.4125432807857232,48.41163057645725,0.032689478833494,4.170784477264416,524.498064967246,15.09390485366533,-0.4086545570554435,-0.0839555081632945,0.7413012153660422,0.2869058849051682,False,False,False,False,False,False,-0.2511289885004441,-0.46036055616644,-0.5988440765705194,-0.6335278594411088,-0.7276499708278722,-0.812664897489072,-0.6757421774189549,-0.909257226028495,0.0820526263212341,49.0,0.0109689297285165,0.5428436559629789,0.16253105,21.0,0.12532166450495627,0.14734728689539778,-0.02,0.04526705319760435,0.29543289758519053
2021-11-22,-0.4114129913682826,-0.2870625204780191,-0.4690696103924151,-0.1173751426327734,1.0282120952176117,1.0128704155349926,0.9372293967691174,47.67916249240528,-0.0370012132024349,7.0243861967571215,543.1953024855724,15.165340445623226,-0.5961992982019183,-0.3970303299993956,0.1608060729180944,-0.6921908412995755,False,False,False,False,False,True,0.1613686223546815,-0.2474565129675039,-0.4088879308732323,-0.4684477296068109,-0.6502624052388416,-0.7224945243170207,-0.5156909158441637,-0.9398635676763598,-0.2829094628094845,50.0,0.0072158830785669,0.5594594045435903,0.019541958,50.0,0.09887673796545793,0.13910178182775682,0.0,0.03395028989820326,0.27637271064421054
2021-11-23,0.0498417175733522,-0.2978579207594192,-0.3446203224968804,-0.011436005674341,1.1211105950812512,1.0549571677550833,1.0277621449473504,47.7646249892174,-0.0794182390414768,7.445697043038064,554.4048062896906,15.165254193720962,-0.568364725983085,-0.3709983490602757,0.227968020485277,-0.3944372653990523,False,False,False,False,False,False,0.142939571674732,-0.3082456927401845,-0.4286624525513747,-0.4306756030045106,-0.7140156082821826,-0.7529308747020717,-0.5346145952200294,-0.9367903126335364,-0.2462627575689522,33.0,0.001674946897632,0.5660786937439231,0.16418992,53.0,0.1152050334314356,0.1407203713762479,-0.34,-0.05953728257634756,0.236606729312326
2021-11-24,-0.0431751490216722,-2.774738682399894,-0.3718139383882975,-0.1826055368694855,1.0915770635019135,0.9107129507023898,0.8943801565549616,47.691711860244205,-0.1043756935797358,7.226699042050789,569.4739050399533,15.158768673749284,-0.5770989182348903,-0.4016980592455714,0.1870862553241709,-0.0173864444670257,False,False,False,False,False,False,0.0881761245018031,-0.2706679478552698,-0.4085670197456114,-0.424599042382303,-0.6746153669194095,-0.7447910791049906,-0.5423512465266119,-0.939461324727468,-0.2781129592399074,42.0,0.0039769105523163,0.5552269854487628,0.056487087,49.0,0.10052554686366391,0.1352859659429641,-0.16,-0.08465296193226067,0.21101919838895014
2021-11-25,0.1031266307070439,-0.2992738276201649,-0.2229849722816172,-0.059904749082804,1.175719568333939,0.9466699589744728,1.1163877515440488,47.902581585792745,-0.1135601383796732,6.067173617662103,578.1297225382494,15.163435786354867,-0.5252042558080952,-0.3407373464372312,0.3224542113043032,0.2240767743203136,False,False,False,True,False,False,-0.1159430642018579,-0.3729620722245164,-0.4579878692029427,-0.5114697709341967,-0.7562397035155177,-0.7630497889744435,-0.6033271422074897,-0.9328849002491052,0.2909400354690709,32.0,0.0039769105523163,0.5410120750742239,0.22380303,45.0,0.13134491726382727,0.14099674417014818,-0.36,-0.15348972144919548,0.17417925010579208
2021-11-26,-0.0255007696490186,-0.0763169579391411,-0.4505208099409354,-0.0373473076365432,1.1572552600445052,0.9936375884488818,0.912182628152836,47.849203725538935,-0.1150531790163461,5.789150513061558,583.3006226166998,15.162777479510211,-0.5337667086525835,-0.3585708405518065,0.2971910366325942,-0.7951709513631333,False,False,True,False,False,False,-0.1180668566464358,-0.3932870640053124,-0.501335117255757,-0.5321031533328644,-0.7011131353350827,-0.7574269197790817,-0.555602240426229,-0.9433922299418672,0.2584362679234663,47.0,-0.0228678796641313,0.5781780844629658,-0.008671966,37.0,0.0963406963525277,0.13134069832811468,-0.06,-0.13011729108689662,0.15907091138928936
2021-11-27,0.029253567040291,-1.8225468115225367,0.0843605264127372,-0.0945677628183589,1.206804845702655,1.041532613721751,0.9543227304844084,47.92103167458638,-0.1100952719826204,5.224540779806422,590.5646310306381,15.159924420166176,-0.5149162523814718,-0.3419726367170153,0.3482453289241848,0.6404207053000619,False,False,False,False,False,False,-0.1950829268199596,-0.4261538958176565,-0.5135691529658568,-0.5545141510544118,-0.7059921974239701,-0.7459500462436128,-0.6164559041389625,-0.941711791168866,0.2957937737181252,21.0,-0.0228678796641313,0.5689114051634797,0.23465297,28.0,0.13091876382962328,0.13800600593668214,-0.58,-0.24258796831517246,0.1113889171061094
2021-11-28,0.0086784701364786,-0.2891885245818075,0.0074199667500978,-0.1577114892073818,1.216473735087185,1.0261010470386247,0.8585203386143746,47.94437549453305,-0.1015841279356,4.816459952117093,597.7374054758405,15.157593744099511,-0.5056740124151716,-0.3398597921798297,0.3713174872176539,1.2665191592074825,False,False,False,False,False,False,-0.2793960033878545,-0.4315567853847732,-0.512654519628944,-0.5656634870387762,-0.7231166488458791,-0.687960721223632,-0.6560500752966049,-0.941203737312812,0.3070882196547858,27.0,-0.0228678796641313,0.5832136914453395,0.2886465,26.0,0.170350695217665,0.14772474680410846,-0.46,-0.29694097623637933,0.07452511600248944
2021-11-29,0.0273746897169592,0.1495991565034341,-0.1374633639745849,-0.7820111449935969,1.2214789132396138,0.9550554717618088,0.915949763636473,48.02495714631811,-0.0905993773078008,4.358022035324235,602.7735626657267,14.972336002885909,-0.4883490822877622,-0.3261371739114007,0.4183543457173966,0.1430045260915868,False,False,False,False,False,False,-0.3520201316385578,-0.5170621327581584,-0.5011554938378648,-0.5768258831233247,-0.7232564647947504,-0.7027124347350376,-0.676650894756109,-0.9395719752741656,0.3433636024855341,33.0,-0.0071490280984113,0.584732307391616,0.26598334,38.0,0.19425885719434616,0.15535433366348145,-0.34,-0.30770573217728453,0.04778156013136109
2021-11-30,0.033846076308933,0.1336035152390149,-0.1642544055204043,-0.6430207592916365,0.987564923021288,0.9411317064649464,0.9172664855791968,48.135183704096775,-0.0782495103901752,3.9212218547286777,606.8532496534375,14.970945712446412,-0.467701763009334,-0.3081414507397744,0.4761936475031822,0.5535691755228807,True,False,False,False,False,False,-0.394758634311525,-0.5312409197921119,-0.5204636328661062,-0.5538403547181938,-0.7319141165346512,-0.6052935994742961,-0.7010526053166952,-0.9374917180496724,0.3896093941007762,40.0,-0.0296714740264336,0.5856684174352998,0.19133162,51.0,0.1935270491419449,0.157675449232595,-0.2,-0.2807792991329634,0.031795653026111995
2021-12-01,-0.0922756497902633,0.0845030144704236,-2.6902356679294703,-0.856593169997955,0.93972247898622,0.8844876943775635,0.9782661721018934,47.84575355142161,-0.0686278820711131,4.006612134810441,611.6879690981315,14.963850978687391,-0.5113810413493474,-0.3729068399404214,0.3513262181751962,0.5224086661002549,False,False,False,False,False,False,-0.3297665371231717,-0.4259043245020643,-0.5041797942070024,-0.4989523173909946,-0.7054943045420232,-0.498193855351662,-0.6659009273596969,-0.9430015879098764,0.2671205545563373,34.0,-0.0401573708794014,0.585994512705848,0.15561771,58.0,0.18404971533851433,0.1575426921161839,-0.32,-0.29058447434972257,0.00909915928249187
2021-12-02,-0.1046101951704429,-0.1232338114070632,-0.4225076390272281,-0.9317413810710722,0.8092036034676584,0.7487062475447914,0.6665296537875035,47.529520776352,-0.061126384053772,4.141847456980601,623.3460213629817,14.966204049641268,-0.5527259556085814,-0.4375907374277778,0.2213728120474165,-0.2340589671515623,False,True,False,False,False,False,-0.290726759346803,-0.3714547220855279,-0.4409413522026631,-0.4419894677477876,-0.6770941750324073,-0.1080452753415786,-0.605944485264678,-0.9486629243065148,0.1412644920559316,32.0,-0.0228604741663829,0.5708316318552911,0.08083421,41.0,0.1582458389836297,0.15259375778088016,-0.36,-0.3079383557622919,-0.014713689703475346
2021-12-03,-0.0279059852767916,-0.1256390270348362,-0.2019559849739773,-0.6710823760636995,0.824724373834418,0.7110363562219254,0.6397333903968448,47.44524461160919,-0.0534641657445667,3.96591585615003,624.5623214623329,14.937345635727008,-0.5643426236597557,-0.453861770400889,0.1908708892883323,-0.5158741213783644,False,False,True,False,False,False,-0.31206470630228,-0.3578633240566605,-0.4670348558012534,-0.4440062787656466,-0.6674142636481879,-0.2540276198478284,-0.6170460745136013,-0.2703229295134445,0.1098566534798706,31.0,-0.0330006906913169,0.5954498204279695,0.14463189,52.0,0.1548423523483981,0.1520800890493849,-0.38,-0.32595376682171895,-0.03828054843228339
2021-12-04,-0.0621234274780031,-0.2170160215531302,-2.039562833075668,-0.8460493704888961,0.7375423338748688,0.6095329797707479,0.6524455132640532,47.25319151687192,-0.0466352801860005,3.930906256973085,628.3881567671314,14.92987723071252,-0.5885289776994422,-0.4871497683558965,0.1221625689044969,0.6911968129253583,False,False,False,False,False,False,-0.2870742548481289,-0.3241144547268446,-0.4102731816053974,-0.4104621014864759,-0.6683747822729241,-0.3056921239128713,-0.5850036238043597,-0.3142736512631661,0.0430065317861128,25.0,-0.0330006906913169,0.6553331339165481,-0.03117154,29.0,0.10833887931170384,0.1402574033172711,-0.5,-0.3694653251162892,-0.06806890014632963
2021-12-05,-0.1019710427655705,-0.3276655344551794,-0.616854059036987,-0.743735704343075,0.3032538572532808,0.5715521837030367,0.411107758320195,46.94366532938325,-0.0412128985920787,4.050884438155028,637.4414927650573,14.918950938022148,-0.6239726512192844,-0.5367173839007132,0.0151478072467976,-0.6712645182398168,False,True,False,False,False,True,-0.2111572829352722,-0.2566223095559924,-0.3208944513849852,-0.3715530698684383,-0.6723080574044523,-0.2852036094312161,-0.5489647765096661,-0.3807509112512322,-0.0581070049921073,18.0,-0.0330006906913169,0.6563910888605783,-0.016775157,22.0,0.07706037015812338,0.13012627037405244,-0.64,-0.43709899383721695,-0.10496768078205031
2021-12-06,-0.0788554262837772,-0.4338956504559159,-0.2842964939524816,-0.6419608288462776,-0.2064031501940998,0.6582728601774266,0.4783756803962016,46.71091919540889,-0.0363142742222495,4.094185622630546,649.2718599319596,14.909791203235406,-0.6470807647966494,-0.5716404817889079,-0.0590868198011709,10.380063297438245,False,False,False,False,False,False,-0.2547023590978915,-0.2145144043998051,-0.2936590648212788,-0.3372426745864296,-0.5836245898499871,-0.3851433196295117,-0.6065760945599212,-0.4277063861860064,-0.1295274296998708,16.0,-0.0236293151582981,0.6639134534063672,0.09068657,51.0,0.08046691940051869,0.1275817733904171,-0.68,-0.4978242453779127,-0.14206654008643416
2021-12-07,-0.0343862221952586,-0.5021279489601075,-0.3685244337210928,-0.7900942455087105,-0.1022473180622365,0.6437115594305568,0.2799936112176833,46.60839509619705,-0.0311427006173833,3.9420208306045272,379.78338665542657,14.901842532717865,-0.4659952513342987,-0.5853639579920062,-0.0895824581985789,-0.8304196262875554,False,True,False,False,False,False,-0.2255005907029096,-0.1740744633570643,-0.1769846735747793,-0.3435616077899282,-0.5710803823913203,-0.4357224705738809,-0.6161558103263003,-0.4470509030618083,-0.1589509125409119,25.0,0.0198532991872753,0.6524857307529197,0.13067202,63.0,0.09301819522546645,0.127781144313636,-0.5,-0.4983681840334345,-0.16515902137118035
2021-12-08,0.0097231239323684,-0.4001291752374758,-0.3156261607670521,-0.7780292026077871,0.1021958096852616,0.6760426358454625,0.289048035895823,46.64361796721293,-0.0253053232119824,3.631609677284189,392.8535901940096,14.902146463196551,-0.4450621732806894,-0.5794627234205193,-0.0797664447571823,-0.2152589398987138,False,False,False,False,False,False,-0.143439253191332,-0.1890758420459171,-0.2110576301622444,-0.4028160791914075,-0.5899380310204603,-0.4321577034433636,-0.6103566584367703,-0.4416482878786432,-0.150733402837299,28.0,0.009819998691037,0.5985609662318037,0.026443975,42.0,0.0763746401806691,0.12124326242541929,-0.44,-0.4837761380250759,-0.18289069741174938
2021-12-09,-0.0479954578346293,-0.3435144379016621,-0.4667482493087252,-0.751417090120234,0.1923483189527915,0.6719007353061404,0.2848984976499771,46.48367671535951,-0.0201853244725323,3.543893075810964,402.1230226074405,14.90134154741068,-0.4614111846967331,-0.596305781050301,-0.1234343510041491,-0.7979969244114979,False,False,False,True,False,False,-0.1138178604685261,-0.1355991291947343,-0.2208920586368008,-0.4127467531905511,-0.5680430212116229,-0.3636662688713082,-0.6084323494177405,-0.4678137008318735,0.1758744053473406,29.0,0.0217563916463637,0.6215194749137496,0.15104473,41.0,0.09504216172844311,0.12316593751873194,-0.42,-0.4678321035188069,-0.19818807177228168
2021-12-10,-0.0584520427048531,-0.3740604953297236,-0.4996995223645598,-0.7938875996948321,0.1762725098677395,0.6628745390443707,0.281302971397117,46.286293480046936,-0.0158510802208019,3.4940939372209585,83.35178067634351,14.901752697495771,-0.3303875941008922,-0.6163688529156539,-0.1729682486920205,-0.8426052443229879,False,True,False,False,False,False,-0.0665740196410166,-0.1780876042692299,-0.2288002794929156,-0.4701519661763916,-0.5616385650025132,-0.3000652379539021,-0.5880589917352438,-0.4980293902103395,0.1091123413190083,24.0,0.0431457022225295,0.6179012651068677,0.099368215,47.0,0.09612367494814203,0.12163060055670012,-0.52,-0.48087407763910517,-0.21895013165794092
2021-12-11,-0.026440940386534,-0.3383780082382545,-0.5553940297913849,-0.7746262046817298,0.1167229441512595,0.6085617555060125,0.1785618206547695,46.19471771707735,-0.0117198020735402,3.334673646659306,76.52709419815807,14.901591155466493,-0.3178952088407086,-0.6242939392851021,-0.1941460429215106,8.368334022323275,False,True,False,False,False,False,-0.0519552002864271,-0.1523322307341543,-0.2236841102540061,-0.5323935676341581,-0.5329421537942265,-0.30744947929173,-0.5818846852978357,-0.5111280318565209,0.0801706765662005,16.0,0.0431457022225295,0.64585486694032,0.19841766,29.0,0.12169717210466122,0.1265846046223465,-0.68,-0.5306555582293289,-0.24869528445420283
2021-12-12,-0.0007813571935058,-0.2371883226661898,-0.5648538571213694,-0.9774426298855352,0.0448050082917147,0.559168013042376,0.1555902060809887,46.19184874051842,-0.0075485350853966,3.1106874725477427,82.68694242724087,14.879334588919674,-0.3052451307081085,-0.6224594541967908,-0.1937627521400421,3.747330332715559,False,False,False,False,False,False,-0.0576350971330443,-0.1426663775009874,-0.2359192584342455,-0.4900544640044197,-0.5706375687230711,-0.2682613257174046,-0.5670595247735857,-0.5115098662915653,0.079327007084384,27.0,0.0431457022225295,0.6510847040066924,-0.02647573,24.0,0.08465394672330062,0.11670974436149956,-0.46,-0.5129916686719966,-0.2623278467474801
2021-12-13,-0.1356387260168193,-0.2939716223992318,-0.7278672728551477,-0.6074535865889726,-0.3944235211955099,0.4800593317757214,0.0959375021548393,45.69589603450497,-0.0052826764229417,3.3189952222555767,90.79682033463224,14.78696691289551,-0.3768483799445782,-0.6683893258412981,-0.2952733878594811,-0.7180807555026769,False,False,False,False,False,True,0.0539220205359067,0.0329372368564504,-0.1237503919634414,-0.5149525764931195,-0.4835606820548993,-0.1128317138265483,-0.4781786041519817,-0.5734709197210882,-0.0575769623902564,28.0,0.0198729054836779,0.6830548383077729,0.079917416,52.0,0.08346981403660655,0.1143360457560173,-0.44,-0.49474375150399746,-0.2737905663121588
2021-12-14,0.0040470183891083,-0.2555383818148648,-0.7576663307749724,-0.6890255979989821,-0.3932890203173094,0.1006593046373388,0.0956886781824558,45.71341854076053,-0.0025295315839951,3.0774622772384745,98.10190270289198,14.78235308994231,-0.3585151828473507,-0.6644846801977491,-0.2921320082066155,0.4258489943949883,False,False,False,False,False,False,0.0663991821407816,0.0229911000790132,-0.0482111939379592,-0.4225749500641333,-0.4879870007392018,-0.1043513896987349,-0.4567271918023646,-0.571741251050011,-0.0537552309341288,21.0,0.0208586377707928,0.6772641039946413,0.013949693,57.0,0.06608978382261008,0.10785950688018527,-0.58,-0.5160578136279981,-0.29354601364685823
2021-12-15,0.1104314664843816,-0.1548300392628515,-0.5549592145003275,-0.7508521519562427,-0.2927719874365458,0.1642751982514242,0.3343900377713058,46.25334720648524,0.0017458989097089,2.5665990479330043,100.54164728208691,14.773646676444306,-0.2631714437549819,-0.6228107961488059,-0.209734960100195,-0.676108773065717,False,False,False,False,False,False,-0.053278870208115,-0.1363456877410664,-0.1272401030117026,-0.4762879897435856,-0.5384681052783797,-0.1676068191220605,-0.5065273887031858,-0.5217378404834322,0.0567281294177308,28.0,0.0254123058129976,0.7042883820937356,0.08017695,35.0,0.06961157524221695,0.10607353543636928,-0.44,-0.49704336022099854,-0.3029946579277061
2021-12-16,-0.0139981929845406,-0.120832774412763,-0.4643472123144251,-0.8254874627955358,-0.2481285398581518,0.2014865583199689,0.3292079063382543,46.18757294761676,0.0051567093153741,2.4195158965520966,102.73011159913244,14.77049306895862,-0.2529415763322604,-0.6257682026072544,-0.2206898256357397,0.2181052330977368,True,False,False,False,False,False,-0.0245787719641066,-0.1105515108596367,-0.1122190367833096,-0.4954794391971002,-0.4578835160609965,-0.1212794764112229,-0.5156195903703182,-0.5283860067738527,0.0420388963510058,29.0,-0.0038651606843672,0.6872794806797741,0.24243934,53.0,0.11281851756299702,0.1148713295711414,-0.42,-0.4777825201657489,-0.3105433896743057
2021-12-17,-0.0065128800351135,-0.0688936117430233,-0.442954107072747,-3.265705955449452,-0.3646446194920322,0.3087135184869175,0.2645116232108273,46.1550222091911,0.0079357426238728,2.265808945850927,102.92758943473328,11.808150768646788,-0.234549323802037,-0.6254162674153828,-0.225256452004828,-0.7084749736256007,False,False,False,True,False,False,-0.1194669818225186,-0.170012920667104,-0.1341504977619236,-0.4783530215386619,-0.4524057920730355,-0.0912349447121944,-0.5080888074495324,-0.5314475914456895,0.112797111481728,23.0,-0.0172866608550066,0.6907800966606067,0.029504512,47.0,0.09199001604858911,0.10936379292173651,-0.54,-0.4933368901243117,-0.3253470419533828
2021-12-18,-0.0109008494053789,-0.0533535207618682,-0.3917315290001227,-0.9042685807821456,-0.6084673939675084,0.4282142955968531,0.3693995262584396,46.09697249434683,0.0100983521594248,2.129489141748336,101.2204283197858,8.528197896847034,-0.2175466278129945,-0.6262342718475877,-0.2336110337920302,0.1107760353839968,False,False,False,False,False,False,-0.105877940027785,-0.1274753210526675,-0.1277548356574697,-0.4715468382075199,-0.3692439082440877,-0.0727267771410689,-0.5159822431861834,-0.5365274728758351,0.1007325541794246,24.0,-0.0172866608550066,0.6713286209885927,0.22162792,25.0,0.12439949225294497,0.11660663988588335,-0.52,-0.5000026675932338,-0.33790529731122915
2021-12-19,-0.0067905454988477,-0.05936270906721,-0.2965510317333999,-0.6626014869509509,-0.7789689310797017,0.533289618215666,0.3393043841318147,46.05845335896608,0.011792779491257,1.992402099079254,95.66410813182254,8.49191624993777,-0.1940747875623001,-0.6197468278860967,-0.238357228163536,-0.945158371040724,False,False,False,False,False,False,-0.0902317988597119,-0.086459605467315,-0.1546061467674656,-0.4670327248868016,-0.440400138995295,-0.0529985409614176,-0.5302566755742256,-0.5396640425963848,0.093283300560693,29.0,-0.0172866608550066,0.6644146930337189,0.27182966,20.0,0.16125703536650468,0.12662102858403176,-0.42,-0.48000200069492527,-0.34320172974276275
2021-12-20,-0.0237575538786968,0.0525184630709123,-0.2414531593283195,-2.461842461453335,-0.792432777660618,0.5592316150691808,0.5045789280797214,45.91608069092559,0.012862671306713,1.9003589530495937,83.22833086702778,5.485000074454824,-0.1796714539649618,-0.6205989778254555,-0.2557861454412565,109.23762376237624,False,False,False,False,False,False,-0.0199111350465813,-0.1007588947076728,-0.1562450933207081,-0.4610246924444449,-0.4316990242545542,-0.1922044035572502,-0.4951385261985409,-0.5504716098951273,0.0676156709580781,25.0,-0.0215330709457396,0.654319762237491,-0.15260023,33.0,0.08279271932826138,0.10860675391496724,-0.5,-0.48500150052119395,-0.35331774717871356
2021-12-21,0.0158162782655127,0.0642877229473166,-0.1912506588675481,-0.921346366383571,-0.6236181087816891,0.4470843553525033,0.3637914703272777,46.03520077297232,0.0139603844170132,1.7417546044535943,71.70913557387638,1.7367849640395112,-0.1369553064501891,-0.604501246424641,-0.2433546093887059,-0.3486318184539848,False,False,False,False,False,False,-0.0407052844645166,-0.0035235745701044,-0.2052087469310645,-0.4686162474068024,-0.5292885038753906,-0.1852467436617855,-0.5266756909767333,-0.5433052203750973,0.0846356188060634,27.0,-0.0134150846787537,0.6771395857498828,0.18174075,58.0,0.1075297259717114,0.11332507597865074,-0.46,-0.4787511253908955,-0.3602004731671837
2021-12-22,-0.0086069631425008,-0.0547507066795658,-0.2095807459424173,-0.5185403381577895,-0.6359154807905628,0.509671757059822,0.4943300773772031,45.97564316219707,0.0146750624667955,1.6344399351488716,63.302489338452006,1.0631726557235694,-0.1195996083032795,-0.5977735182255104,-0.2493310398288673,-0.3050972100933032,False,False,False,False,False,False,-0.0877415903363346,-0.027107082580677,-0.2635761125735176,-0.497761160592567,-0.5339089490518831,-0.1865669336348921,-0.5371868902995245,-0.5472191080057682,0.0753402598012665,45.0,0.0058918016931677,0.664318386581011,0.23927201,48.0,0.14046529780543798,0.12145068483851959,-0.1,-0.38406334404317166,-0.3434133458660751
2021-12-23,0.0158666411679459,-0.0248858725270791,-0.1457186469398421,-0.5525154145631958,-0.5639514202375369,0.5685951805180556,0.5024417531918876,46.11454824194375,0.0153919663255658,1.5020868148883613,52.19279326726398,1.042579171318623,-0.0814379682113888,-0.5841932378968433,-0.2369545637630272,3.1050334016800054,False,False,False,True,False,False,-0.088139089476907,-0.0986728869935179,-0.3206239527936029,-0.5588845656998833,-0.5706881527393276,-0.1913377781488416,-0.5689687795369447,-0.5399776995684399,0.0636019522413914,34.0,0.019594937233043,0.6789898824234069,0.15066308,47.0,0.14301474281189558,0.1233353553541808,-0.32,-0.3680475080323788,-0.34190280742310253
2021-12-24,-0.1088548599072137,-0.1272278523991793,-0.1961214641422027,-0.6181951254487372,-0.8008006623182229,0.4733819380531764,0.2925178252536525,45.29282950173001,0.0145020851868091,1.564376199855403,43.16136106060678,1.0864570672945768,-0.1530815851993059,-0.6189124906738553,-0.3153838252678755,0.3216518432585717,False,False,False,False,False,True,-0.0574037972468141,-0.0617008278340864,-0.355347313684793,-0.4224359504790312,-0.5264404677586025,-0.15079798595726,-0.5323846865634498,-0.5874241335213446,-0.0460973378405456,41.0,0.019594937233043,0.6758803109025293,0.23377898,30.0,0.16570580294756382,0.13046075070904453,-0.18,-0.32103563102428406,-0.3314574650087088
2021-12-25,0.0044140222728761,-0.1119129807209242,-0.1652665014827924,-0.716907733882905,-0.7768124829657089,0.458811834451034,0.2297622250915678,45.333183568573695,0.0140021385054808,1.4699050446557531,37.97809252386028,0.9957342816823138,-0.1310655045229408,-0.6108400486560933,-0.3123089382366638,4.249332536847623,False,True,False,False,False,False,-0.0241548464038049,-0.0841743453117827,-0.4483611984317514,-0.4276782413747081,-0.5147046023323664,-0.1875782197737298,-0.5234253332316624,-0.5855989893072134,-0.0418774838303142,39.0,0.019594937233043,0.6717739943134817,0.258389,22.0,0.18887660124173977,0.13871418589712345,-0.22,-0.295776723268213,-0.3242666608145986
2021-12-26,0.0105569992815,-0.0945654359405764,-0.1539281450077866,-0.6808499649523864,-0.7181972725889294,0.4764052950921189,0.3127876234964954,45.43762661820978,0.01381312993486,1.3594465840924967,35.202201963396966,1.0029205641773724,-0.1074805091497775,-0.6017078025161555,-0.3049321001573917,-0.7763100140041386,False,False,True,False,False,False,0.0041463236324031,-0.1087708197672668,-0.4051959206858616,-0.4532967037410482,-0.5207832541285324,-0.1220672631045372,-0.5831899495140156,-0.1602720098343707,-0.0317090052447282,37.0,0.019594937233043,0.6335009812055485,0.30960873,21.0,0.21905963285469426,0.14973964020657085,-0.26,-0.28683254245115974,-0.3201204246330116
2021-12-27,0.050695849157208,-0.0201120329046716,0.0324064301662408,-0.6594076828354691,-0.753975445653828,0.5473971628671856,0.3821249308862822,45.98793799126425,0.0142854507393728,1.211545810154686,31.86875336157527,1.0195503863474813,-0.0496879352079318,-0.5747026565538573,-0.2691962933673823,-0.444434062169065,False,False,False,False,False,False,-0.082490233847248,-0.1516913353774921,-0.530419268277102,-0.4782269969309946,-0.5087571546769334,-0.2583612389148006,-0.5900454389297295,-0.1166037384001367,0.0186449123113098,40.0,0.0171227214547581,0.6271826061127621,0.32597136,37.0,0.24578756588476458,0.16110942890130664,-0.2,-0.2651244068383698,-0.3123707198179786
2021-12-28,-0.0056286246704982,-0.0415569358406824,0.0227307871066342,-0.6737147776424459,-0.8314262668498278,0.5427589574447391,0.3523862693961785,45.93129075224303,0.0144340267927656,1.146416532092393,26.397416630085125,1.0153481479986777,-0.0426059657172166,-0.5706446400950599,-0.2737509490818283,1.0802638709797985,False,False,False,True,False,False,0.0387594232432075,-0.0696020659529423,-0.4355522253407016,-0.4977354453097249,-0.3879317162507484,-0.3253386530874301,-0.5692570446993088,-0.1215620769879616,0.4637319008592894,41.0,0.0248939193669832,0.637601011526904,0.13412958,43.0,0.2178730703724739,0.1593687937357773,-0.18,-0.24384330512877733,-0.303830673378109
2021-12-29,-0.0588820124144761,-0.0918319851126577,-0.1465826917922236,-0.7599714797738812,-1.5419826247674782,0.4615074334657325,0.1950839919879275,45.32222396493163,0.013705034048482,1.1339255555357386,23.39134330860674,1.006605760295574,-0.0854468129806466,-0.5894408201435959,-0.3158037279836517,-0.9785028342481382,False,False,False,False,False,False,0.0664663730291207,0.0105430895210233,-0.3936092220895442,-0.4472104282791371,-0.3643351981069488,-0.3086100162179302,-0.5801542027594668,-0.171792911302077,0.3800327883024873,27.0,0.0366357973528945,0.6379971759402338,0.004268957,37.0,0.16447204198843368,0.14936235264548928,-0.46,-0.297882478846583,-0.3139061138053278
2021-12-30,0.0154308153505598,-0.0922678109300438,-0.1171536834571229,-0.7783867407322544,-1.4214075000238908,0.2091781822890337,0.1627449657326918,45.52169371431236,0.0133167240803072,1.0396278842697568,21.99687054504804,0.9949615950402944,-0.0626647140871089,-0.5772503769081206,-0.3054306490688796,-0.0284162139573757,False,True,False,False,False,False,-0.0115519783719735,-0.0018747863918285,-0.4327714679795451,-0.4999972952048182,-0.1403468968450059,-0.3489057811646303,-0.6166712998058765,-0.15891388929012,0.4014929676468984,22.0,0.0450949618342467,0.6424562979377739,-0.052611146,44.0,0.11020124496077097,0.13633180433789532,-0.56,-0.36341185913493723,-0.3297831387211131
2021-12-31,-0.0757043419594521,-0.059117292982282,-0.1863451453814614,-0.7618154329014432,-1.618408602899398,0.1779070460847768,0.1226722614761204,44.685776494235306,0.0120928721631139,1.049456947732564,23.345230083741043,0.982660164178351,-0.1211889114653389,-0.6026926402749548,-0.356231890748393,24.302365591397848,False,False,True,False,False,False,-0.0045587183299925,0.0432084110682842,-0.3714998805998124,-0.4335801837143021,0.0749498754353841,-0.2843057815295313,-0.586524944188468,-0.265345605219412,0.299310490604707,28.0,0.0248435720755768,0.6427555424885241,0.013401458,29.0,0.08600129823054817,0.1284008142541524,-0.44,-0.38255889435120294,-0.33689390396491226
2022-01-01,0.0390799559969613,-0.0244513592581971,-0.1363643399791213,-0.6181252817340389,-1.549866662805111,0.1910783217336194,0.1305809658107525,45.23460929449956,0.0116758159044104,0.942948194946534,22.65677185229124,0.9645189028226931,-0.0773983145061237,-0.579172627575581,-0.3307008706657767,-0.3209186101856258,False,True,False,False,False,False,-0.0615051462691527,-0.0003203515173226,-0.3943401550199835,-0.4577675360211202,0.6549741294164859,-0.2688511373818895,-0.5829192842316955,-0.2360669660377641,0.3510927208746379,21.0,0.0248435720755768,0.6546766327744132,0.25007352,11.0,0.12701935425524374,0.13625066638803485,-0.58,-0.43191917076340225,-0.3525781682252405
2022-01-02,0.039146109859819,0.0041377513201219,-0.0904276846204545,-0.5510731865974281,-1.2221555626611276,0.2736511872369899,0.1599631696244972,45.83745778083146,0.0117778190613283,0.8467389349390413,22.833014469704388,0.9862420553774996,-0.0399094069502304,-0.5590456424775117,-0.3043399150841683,-0.7900573230869359,False,False,False,False,False,False,-0.1124508856350766,-0.0745960897930632,-0.4165914520005062,-0.475113885085091,0.2943472101204484,-0.3355312364824003,-0.5975365159922341,-0.2055689140655321,0.4050316058143564,29.0,0.0248435720755768,0.6327220794860536,0.04758586,17.0,0.10716098066512093,0.13053035629169407,-0.42,-0.42893937807255167,-0.35692796382361214
2022-01-03,-0.0395339569647993,-0.0860920548018854,-0.106204087706557,-0.5284837160842242,-1.3745330865731202,0.2090586177906444,0.0810492636865236,45.29528504841475,0.0112619712299317,0.8292487953290807,23.808910273656554,0.9767301387818664,-0.0745872448048436,-0.5721113631090606,-0.3312592547159219,24.747585549064027,False,False,False,False,False,False,-0.0754227410792738,-0.0617033610746671,-0.4006331512388506,-0.3675211319221618,0.177794856786701,-0.2960174955483192,-0.5549645721346593,-0.2363631978033553,0.3505688050804665,29.0,0.0210686682168373,0.5636259266334605,0.090083316,32.0,0.10289156449096908,0.12792086981923081,-0.42,-0.42670453355441373,-0.36099712744789525
2022-01-04,0.1184905689920395,0.0380271388606524,-0.0035297969800301,-0.3080221043266142,-1.0517578086696893,-0.0047682470733332,0.2635300793764225,47.38596661174805,0.0122457312126758,0.6934142855500146,22.59234239104938,1.0378874059046248,0.0445974322960706,-0.5125233243941311,-0.2475774226370629,-0.65765356919586,False,False,False,True,False,False,-0.1043181768284944,-0.2023983379977604,-0.466737256364143,-0.4362014630710205,-0.0273543450247288,-0.3862623592438827,-0.6214739292562483,-0.1403005466403801,0.2236311492182335,23.0,0.0142344352793825,0.5643867935143025,0.027602786,38.0,0.0840693699177914,0.12144873539207131,-0.54,-0.4550284001658103,-0.3725456998706117
2022-01-05,-0.0325584230547429,0.0643507282203856,-0.0274812568922721,-0.2617251010975799,-0.9036859299438575,-0.4681282512916797,0.3965477590798466,46.83337042770311,0.0122528172358014,0.6731376594308099,21.404055330491506,1.0116103344786598,0.0147574677137652,-0.5216192049179099,-0.2719124336114699,-0.5973514771128665,False,False,False,False,False,False,-0.0524379248351324,-0.2430576127741723,-0.4837676064703379,-0.3363603631420881,-0.2011970443095994,-0.4888757192726117,-0.6285795443755289,-0.1678402477751589,0.184433222527707,24.0,-0.0190928805987244,0.5814726204829987,0.1188113,44.0,0.0927548529101024,0.12127857839174641,-0.52,-0.47127130012435775,-0.3820588805241207
2022-01-06,-0.0605391337011925,-0.0116192208313669,-0.1038870317614107,-0.2878780126035136,-1.0779722581122242,-0.3901253306657501,0.3558335468270431,45.8121313687237,0.0113022073804604,0.6718022934501745,20.56466523880737,1.0239977098626614,-0.038883245236777,-0.3934727960660967,-0.3148261334028607,-0.7218732153055397,False,False,False,False,False,False,0.009790289189113,-0.2462491836728857,-0.5105934039543928,-0.3787145589464756,-0.2474825268218846,-0.4881074566249004,-0.6321721305616945,-0.2167238634969145,0.1148559828891319,15.0,-0.0190464489400181,0.5810597702680921,-0.013609443,44.0,0.06616377896760478,0.11257612540777,-0.7,-0.5284534750932683,-0.4025712108128871
2022-01-07,-0.0686542621024803,-0.0045691409743951,-0.0636864339566773,-0.3662553986383625,-1.1442846012461496,-0.2640595889531007,0.3097872372071,44.69623488277066,0.0097295192333271,0.6751323231573289,21.413905461475643,1.0417273276553431,-0.0946420831336155,-0.4208783012015783,-0.3609993059466133,-1.0,False,True,False,False,False,False,0.0479858835250834,-0.3129561386832205,-0.384456400843076,-0.3400813942267443,-0.1809876755558969,-0.4380082272613182,-0.6245736129390173,-0.2686946876751078,0.0408846443399844,18.0,-0.0245058034242122,0.5919428411708006,-0.15933912,54.0,0.009788055469800341,0.09503320667026142,-0.64,-0.5563401063199512,-0.41788919721205575
2022-01-09,-0.0166674026991652,-0.1192914190342835,-0.1151536677141616,-0.296304110301988,-1.0901917099968204,-0.1200316004342486,0.3665704287423826,44.09266276611993,0.0072753086660038,0.6124410619141732,24.25483581108644,1.02033801606238,-0.1107526641816826,-0.3337615138440861,-0.3849394914083318,-0.6759835204782292,False,False,False,False,False,False,0.0426509307815601,-0.3326025532974437,-0.3865738371400865,-0.4345895835511114,-0.0586723767959399,-0.4459891532225281,-0.692443529354972,-0.217037473999627,0.0035811560071766,23.0,-0.0245058034242122,0.5637553207003073,-0.08707591,24.0,-0.017046938749146104,0.0772963400075936,-0.54,-0.5979413098049726,-0.4488291517745463
2022-01-10,0.0013387987525004,-0.0784186633169837,-0.1645107181188692,-0.2685243711629535,-1.0431505758446833,-0.1518014270116938,0.3400373843430589,44.12314311165488,0.0065418518646916,0.5835543792740729,24.87638872530798,1.0192623961505336,-0.100674970931942,-0.3139168413529619,-0.3846051062233464,12.215656943405634,False,False,False,False,False,False,0.0148385436395239,-0.4464506242761782,-0.3849255290806311,-0.4715848314209644,-0.0941211652188727,-0.4530914312226897,-0.7500562519143323,-0.2159885427493126,0.0049256490088278,23.0,-0.0229536401198468,0.5367766609655281,-0.14094353,53.0,-0.0480210858672795,0.06321634857344693,-0.54,-0.5834559823537295,-0.4547111419826401
2022-01-11,0.0867391951685001,-0.1101700371405231,-0.0721428982798709,-0.1810038188009474,-1.1584464486864827,-0.1361988105092327,0.3781641942414284,46.26009499209367,0.0070053675939064,0.5038336133990724,23.6437669290468,1.0724219291861194,-0.0138258922197368,-0.2419284208010387,-0.3293935212504385,-0.8962986718985814,False,False,False,False,False,False,-0.1095033511140992,-0.3933264961111256,-0.4601615756974891,-0.5206733603088698,-0.1230699166488161,-0.4811555813984793,-0.7824709753186972,-0.1449475353206141,0.0959841786212319,21.0,-0.011205719293973,0.5405510242468805,0.0599353,59.0,-0.021031989014889105,0.0630046681198234,-0.58,-0.5825919867652971,-0.4627942941127924
2022-01-12,0.023748784600107,-0.0538628294856731,0.0104878987347124,-0.0216163081840211,-0.6290698947729938,-0.416039829379531,0.4584430235917003,46.892788222150905,0.007503029373084,0.46502803190932,21.404660724282984,0.96911157938735,0.015107780570807,-0.2125224673105256,-0.3141036979717676,8.34837183918501,False,False,False,False,False,False,-0.2011685492012475,-0.3999357531623193,-0.4529777330100058,-0.5182006877121718,-0.093445637909107,-0.4667759544485217,-0.800426911229825,-0.124398031470637,0.1223240022325654,22.0,-0.0147457514496943,0.500378682935324,0.1234649,50.0,0.015092232557575923,0.0669053280653168,-0.56,-0.5769439900739728,-0.4690656299764832
2022-01-13,0.0030663706124038,0.0097426748279232,-0.0018765460034436,-0.0225969559607255,-0.7116225539597079,-0.4158859762780351,0.0780623486766132,46.980753359592015,0.0077398419549112,0.441333605500871,21.44653980696098,0.9690568946449484,0.0174688186674873,-0.199628603886999,-0.3127660430705851,0.1439051918735892,False,False,False,True,False,False,-0.2535570757643202,-0.4317060381933917,-0.4990581362154977,-0.5206583929984583,-0.0838820561824355,-0.4443111257543265,-0.8023299429688476,-0.1217089906352833,0.1754747943378781,21.0,-0.0284619604318916,0.5107368843462786,0.173819,57.0,0.05477392579051928,0.07380298467331889,-0.58,-0.5777079925554796,-0.4762226861070327
2022-01-14,-0.0315268210410865,0.0468701158893169,0.0423009749149218,-0.1645552434861938,-0.9154073954424364,-0.4573272309227396,-0.0002800452347696,46.14635693592149,0.0073822665313978,0.428631668713973,21.49295113107867,0.8870990809705043,-0.0130644488805143,-0.2111057195548914,-0.3346820693037035,-0.7505571338652332,False,False,False,False,False,False,-0.3444149657762683,-0.3975315835916429,-0.45704059680111,-0.4665198901701627,-0.0187177391549711,-0.4182605879018543,-0.7837070158024401,-0.1489667806940097,0.138993895840964,21.0,-0.0080590518578002,0.4801579465808955,0.0011173785,58.0,0.041359788961209926,0.06911359072492941,-0.58,-0.5782809944166096,-0.48291799668077257
2022-01-15,-0.0035414217587922,0.0631575036344676,-0.0003204028408316,-0.1540984722604454,-0.9795859350559812,-0.4022270121185972,0.0473880860595233,46.04914413812615,0.0069786352265425,0.4013849217658857,21.50445965878753,0.8865857640971663,-0.0148113639014513,-0.200743035032568,-0.3375916117548708,-0.8880174589101821,False,False,False,False,False,False,-0.4345254731327874,-0.3941460687938457,-0.4575937753640529,-0.3366917349799569,0.0251204237468186,-0.4349190243716087,-0.7888880776301711,-0.1519753178604841,0.1349673720927848,23.0,-0.0080590518578002,0.4743249627975773,0.17656967,32.0,0.07516225933059906,0.07604624102904795,-0.54,-0.5687107458124572,-0.4866007065723357
2022-01-16,-0.0380584643939817,0.041766441939651,-0.0775249770946324,-0.1856440566193136,-3.4513500120687657,-0.550288676111346,0.1230694618676039,44.97513138565732,0.0061677826717546,0.3913917588193157,20.964507829743333,0.8939991720811121,-0.045622768568135,-0.2162487888240819,-0.3626947760127568,10.968331303288672,False,False,True,False,False,False,-0.3599032744331009,-0.3695633424878946,-0.4328032234081061,-0.3253164128427731,0.0941473382193049,-0.4077420573803612,-0.7795889489764847,-0.1380900112569014,0.0925838974802517,21.0,-0.0080590518578002,0.4635406482768955,0.08498571,28.0,0.07761812216807049,0.07662298100656001,-0.58,-0.5715330593593428,-0.49262646743863664
2022-01-17,-0.0256981136523107,0.0147295295348397,-0.0636891337821439,-0.2004413208662454,-1.1047099016483912,-0.8089087148337538,0.2277729747306076,44.24825614252365,0.005276793163457,0.3771247949028562,20.787949464860656,0.896467470940805,-0.0630793386462666,-0.2210718046559428,-0.3791990823620407,0.0177081213108081,False,True,False,False,False,False,-0.4545443911317923,-0.3612181650276108,-0.325928664945192,-0.0492698139089407,0.1330740108471119,-0.4085584189055275,-0.7929792553321634,-0.1599572947340697,0.0648642491169337,22.0,-0.0080590518578002,0.4638089394435362,0.12297474,52.0,0.088957276245718,0.07961341697250199,-0.56,-0.5686497945195071,-0.49697314695872463
2022-01-18,-0.0439662738084346,-0.1159759394420948,-0.2261459765826181,-0.2376170491758323,-0.9002185361267833,-1.016585980255534,0.2956725690398337,43.01126012785359,0.0041893959133497,0.3697925266577672,22.683924151314788,0.9058536541506572,-0.0977998376771453,-0.2383013332348174,-0.4061484269645011,-0.80655,False,False,False,False,False,False,-0.3187245514647552,-0.3314172110710075,-0.2931326954439115,0.1516979499717182,0.2010094410695012,-0.4042605086506592,-0.7804244067816857,-0.19609069640743,0.0190604258115903,24.0,-0.0256539235156276,0.4643458089568244,0.05089843,54.0,0.07944256443587303,0.07776083710371723,-0.52,-0.5564873458896303,-0.49845875038074244
2022-01-19,-0.084880581616077,-0.224605305658279,-0.2784681351439521,-0.2987400769132126,-2.760582538366548,-1.0911728545738306,0.2604915381559682,40.787979174051095,0.0026550589111368,0.3816634396122774,27.05219892720337,0.9436062832394536,-0.1622615162331087,-0.2828242535376182,-0.4545380962907364,16.66864822951667,False,True,False,False,False,True,-0.2488224565549143,-0.3180030577734732,-0.1232626841124166,1.0071367685274424,0.0890370329439947,-0.3193663794434415,-0.7677961623845924,-0.2615112452374573,-0.0638686957318808,24.0,-0.0313322733747513,0.4654085704708935,0.10041215,58.0,0.08468496150379895,0.07922221230396624,-0.52,-0.5473655094172227,-0.4998485084206946
2022-01-20,-0.0647644464775217,-0.2924361227482047,-0.2826934479202815,-0.3793208016562471,-1.3006671680398183,-1.002938910437936,0.0677635536962562,39.24157801566594,0.0011572204609728,0.3881527093107454,33.21225378384017,0.9576602849354484,-0.2071922094621539,-0.3124028467897833,-0.4886674716310961,-0.8876243417203042,False,True,False,False,False,False,-0.2386638772301139,-0.3507050533883422,-0.175741601075895,0.7416638219615569,0.1905922080005026,-0.3083350943412587,-0.7421219820388029,-0.3078231903576049,-0.1225751571490999,24.0,-0.0409889451415431,0.4394577615015847,0.049182616,56.0,0.07580937517140447,0.07728417384398269,-0.52,-0.540524132062917,-0.5011486046516176
2022-01-21,-0.1613179582685032,-0.4222272599756215,-0.3753571440863044,-0.5320317967822493,-1.0505721349400388,-1.167947277572812,-0.0223600397224274,35.97134198077332,-0.0009620416087022,0.4383141924520157,44.309194257244464,1.0887281013622496,-0.3132460401400138,-0.4020970671366737,-0.564736455022857,-1.0,False,True,False,False,False,False,-0.0810217058695813,-0.10406942873024,-0.0394811118631289,0.7900835928431951,0.3847784493588084,-0.2121126532784828,-0.6445076655955186,-0.4109426955670072,-0.2532926478144801,19.0,-0.0692032269185778,0.5686222383300729,-0.16008084,55.0,0.016836822572753873,0.06197030229126136,-0.62,-0.5603930990471878,-0.5088164366095778
2022-01-23,0.0858955850245163,-0.4461359803496862,-0.4043695384100353,-0.5045521845698206,-1.122747310018558,-1.3053528468880435,-0.031170246516644,36.09173429257922,-0.0035041534380506,0.4238128759763108,65.62404018415465,1.1942990845900234,-0.3266196650237486,-0.4153614505929118,-0.5915560155625486,-0.6533212833258021,False,True,False,False,False,False,-0.0150915754899984,-0.0808682803767101,-0.1528130363062671,0.4125804937391207,0.4064854542778565,-0.2255151004470096,-0.6412434538556946,-0.4482942384721397,-0.3006406248157702,11.0,-0.0692032269185778,0.5676423170617577,0.0014962639,21.0,-0.009647441928001467,0.04805431739489014,-0.78,-0.6489711182140432,-0.5402649564918366
2022-01-24,-0.1856959872831265,-0.6061338539805021,-0.5914043244456624,-0.6946621941258234,-1.4115699280087284,-1.4714746770915326,-0.2358503596747894,33.27432491843075,-0.0045547143387612,0.4899646657580892,75.01870485584115,1.328332545393038,-0.421327511775783,-0.504858471837878,-0.6603782580568118,3.409280500521376,False,False,False,False,False,False,0.1710977476202483,0.1111465352392402,-0.0454055378744138,0.5081518149167793,0.627307086155281,-0.0454055378744138,-0.5847578471173946,-0.5417939947238757,-0.4191638226359361,13.0,-0.0692491141749754,0.5725335767946398,-0.13264723,44.0,-0.04039738925130086,0.03639615296804568,-0.74,-0.6717283386605324,-0.553151088331073
2022-01-25,0.1783790021177453,-0.3837885780543221,-0.499764517496417,-0.526840191289578,-1.2076901562419642,-1.2450374638785071,-0.0504348961974591,38.24275274904344,-0.0036249135682236,0.4035344492223153,78.54531702608756,1.4998498702305112,-0.2891156428806017,-0.3988156399415788,-0.5937600872499907,4.424441291238027,False,False,False,False,False,False,-0.0186307309819277,-0.1101664720116173,-0.2099100477957754,0.2821349122134826,0.4868427224862702,-0.2941019691147324,-0.6693995413879097,-0.4523163286133156,-0.3057391513206912,12.0,-0.0671496754974412,0.5727939618853507,-0.008690523,56.0,-0.0324706726843932,0.03348733516470917,-0.76,-0.6937962539953992,-0.5664961794064877
2022-01-26,0.0127947506608886,-0.2861132457773564,-0.5107185514356354,-0.5647412897858974,-1.2241489726213666,-1.3187167354397256,-0.0173441269187116,38.63062674142499,-0.0025392911152891,0.3798041734062723,82.01357805153992,1.4838818580575062,-0.2625612850221334,-0.3819849707481904,-0.5883036757964294,-0.5385344799398358,False,False,False,False,False,False,-0.0920962052476696,-0.0883938347055603,-0.1970871205426833,0.3520416821436367,0.3045371330301814,-0.278892938404794,-0.6888294164599955,-0.4452638313356528,-0.2967991865178302,23.0,-0.0694670766929173,0.5728890669412272,0.1691581,58.0,0.017936520757167135,0.04224028780452459,-0.54,-0.6553471904965494,-0.5647867484770368
2022-01-27,-0.0513315336978344,-0.2726803329976692,-0.5651164557458739,-0.6104441988132338,-1.2841589764556796,-1.4418704656630614,-0.0676852413684945,37.62892551390398,-0.001848424556051,0.3785664296374235,86.81961925639202,1.4873254841881027,-0.2837300880849021,-0.4034760782029158,-0.6087009367967621,-0.822078934315879,False,False,False,False,False,False,-0.1471638778291526,-0.1185163006272203,-0.1565252506331172,0.4766252853857924,0.2422195963380378,-0.2068949221594885,-0.6519591847163386,-0.4730207914756295,-0.3319847721219192,20.0,-0.0563066064948798,0.5449086443857992,0.060766302,49.0,0.028643966080165353,0.04343551452998494,-0.6,-0.6415103928724121,-0.5670585711559377
2022-01-28,0.0268695988144448,-0.084492775914721,-0.5067200358903424,-0.5246925875843127,-1.284664067358194,-2.066675212351791,-0.0631851541185802,38.51665190118234,-0.000903151683286,0.3458018135776194,90.54070184019292,1.4894376331367158,-0.2489509800784893,-0.3782593947759801,-0.5978868723867273,-0.7508296827293243,False,False,False,True,False,False,-0.0250797249596276,-0.0987753242970524,-0.1145094160948665,0.3851975823806108,0.1684070777085216,-0.2904861040095132,-0.6538772782964368,-0.4586691232271056,0.3272567818425129,24.0,-0.022513847638683,0.5487636091829176,0.00789012,65.0,0.023455504597288703,0.0411422632795768,-0.52,-0.611132794654309,-0.5640225343071676
2022-01-29,0.0020622545508862,0.0689736701875207,-0.5011163595806637,-0.5380611483839862,-1.3164478891162406,-1.9594686484078767,-0.3288829660949526,38.58994627473738,-1.369308265374014e-05,0.3225646235484192,93.78612085213923,1.4864455844538034,-0.2322643031213364,-0.3687204724373191,-0.5969669136148095,2.998401704848162,False,False,True,False,False,False,-0.0316539917119127,-0.1047244282856979,0.0948319897825979,0.45942341262993,0.1151180018098381,-0.3434794506984915,-0.5767592549571436,-0.104567784230026,0.3299967474632833,24.0,-0.022513847638683,0.5459208847077741,-0.051344402,32.0,0.004755527914361905,0.0351753816399642,-0.52,-0.5883495959907318,-0.5611823708034794
2022-01-30,0.0017153026643577,-0.0152066121726378,-0.4613425925223241,-0.4606415037601764,-1.2224569366616196,-2.0790501066595746,-0.2827344576753995,38.65557465230521,0.0007918253062425,0.301432189576543,96.3979576358987,1.4730453548503066,-0.2151516766588711,-0.3595973160097441,-0.5961651076838188,-0.933377748167888,False,False,False,False,False,False,-0.0667845895616498,-0.1003112369286635,0.0701845762264734,0.5423367673021494,0.1344401069078002,-0.3446046168697704,-0.5871284976709689,-0.1030305289124104,0.3322800521472578,29.0,-0.022513847638683,0.5443342146530292,0.18658592,29.0,0.05021312545299288,0.04494380334505591,-0.42,-0.5462621969930488,-0.5520738307516421
2022-01-31,-0.0125478203490487,0.1579415547614398,-0.4481922992190623,-0.5122692801061864,-1.1303945618402251,-2.062135942911297,-0.3211909583725669,38.3345742382161,0.0014029955806734,0.2895218788950346,96.61021079925666,1.4599825044967183,-0.2038859699416942,-0.3593484592904992,-0.6011304944122519,6.434,False,False,False,False,False,False,-0.0511923214802804,0.0552449962575159,0.488348813381886,0.583134839660284,0.2203419209760925,-0.3038612136245304,-0.5847295454829803,-0.1142152221832318,0.3156672863682473,20.0,0.007294720888632,0.534477595101871,0.15697904,55.0,0.0769046039175969,0.052171883084820625,-0.6,-0.5596966477447866,-0.555165841670891
2022-02-01,0.001630978128317,-0.0188064692279884,-0.4025950472823107,-0.5497844118376886,-1.1008575984351163,-1.771939974498816,-0.2761332246006985,38.4057815471086,0.0019541188300968,0.2723138301988221,94.50421152009496,1.4476115805803953,-0.1790189087782171,-0.3520024319250004,-0.6004224586731001,-0.0947000269034167,False,False,False,False,False,False,-0.0932734944118206,0.0572621914010443,0.7225958685185889,0.6404394901991846,0.1514442251405114,-0.302579323612707,-0.586436526630425,-0.1127693478099896,0.3178148617846613,26.0,0.0332302765615846,0.5366670291720893,0.20997027,67.0,0.11017101934492451,0.06235242389398751,-0.48,-0.5397724858085899,-0.5503164325308336
2022-02-02,-0.0650156390213089,-0.0966168589101861,-0.3827301046875425,-0.5752660938941981,-1.1037498099784224,-1.9497991804673185,-0.3662074761035536,36.64554497244546,0.0019942384635409,0.2760559191209316,91.28293068116989,1.4550198424795575,-0.2049736873231704,-0.38620833169254,-0.6254699224663104,-0.2808320950965824,False,False,False,False,False,False,0.0040779326658936,0.2855443501334249,1.9430289848143736,0.8223805308930532,0.2514017451386286,-0.2089034776326195,-0.5737673824663123,-0.1686180254237142,0.234862117547614,28.0,0.0398407722516396,0.5536828189678796,0.19679631,57.0,0.13182734274074331,0.07102622318651734,-0.44,-0.5148293643564424,-0.543199243335296
2022-02-03,-0.1139025441130682,-0.1591878693254199,-0.431868202323089,-0.807659206999306,-1.11568131132592,-1.8594170156689955,-0.8124274540726392,33.95933161126766,0.0014489608856252,0.2989685084024055,89.22555309064693,1.403150098186345,-0.2644917337224107,-0.4440223594288197,-0.6656351843740221,5.403719008264463,False,True,False,False,False,False,0.0335909519510166,0.2694668320237097,1.6823923873894604,1.0983535035044356,0.3764001028460505,-0.1510976545943287,-0.5284162284123648,-0.2581205218074804,0.101922932443699,20.0,0.0273938910883853,0.5552743687947514,-0.04461661,75.0,0.08771635460261178,0.06356539525114314,-0.6,-0.5361220232673318,-0.546863808281406
2022-02-04,0.1606578876229301,-0.0253995805169346,-0.1098923564316556,-0.614442896321633,-0.8761679974192127,-1.5181288262654904,-1.0825711476133126,40.71966754269996,0.0022424324612678,0.2475437410693434,81.39921186109386,1.547781859217551,-0.1095203098981537,-0.3386693797367548,-0.6074615965432664,-0.1044718332580499,False,False,True,False,False,False,-0.0755914111380779,0.0720907612021466,0.998015973833993,0.8035481505838763,-0.0551221425435887,-0.3133823268452505,-0.5876287817256394,-0.0534147069786595,0.2939695468031021,20.0,0.0340353264541346,0.6678227420231073,0.23848146,69.0,0.12540763145240896,0.07485030278344362,-0.6,-0.5520915174504989,-0.5502919496826056
2022-02-05,-0.0047039739279453,-0.0321658089957663,0.0368078611917544,-0.5586077365483858,-0.8464857491518993,-1.63657999466061,-0.948733067214136,40.57821989046357,0.0028038983927454,0.233379335513511,72.40612919724869,1.541835829719569,-0.0877926059852422,-0.3332092211525662,-0.6093987751924402,-0.7986021040495749,True,False,False,False,False,False,-0.0754590156290977,-0.0936002246569897,0.8663223792106314,0.8380803165875673,-0.1050906185785705,-0.3569497829793773,-0.5295836926900297,-0.0578569631976066,0.2878970414422095,33.0,0.0340353264541346,0.6672310994858353,0.23204231,44.0,0.1520663017448243,0.08499172277303244,-0.34,-0.4990686380878742,-0.5367247271224376
2022-02-06,-0.0352381137680605,-0.0691192254281847,-0.0843258376008226,-0.5251915882139658,-0.8914469868523284,-1.6694761894601156,-0.7892511771670667,39.49330374813818,0.0029849498559167,0.2410175577144893,61.25791141761181,1.53256537906618,-0.093160043964667,-0.3476949392704606,-0.6227572371498878,12.409302325581397,False,False,False,True,False,False,-0.0359259469914513,-0.0782746959913905,0.5368640463393789,0.5859929826160031,-0.0497940042260511,-0.365235540337754,-0.5493423541556356,-0.0904781762290054,0.1617996917202529,37.0,0.0340353264541346,0.6591228022749086,0.30755198,11.0,0.19093772131327216,0.09935044904694104,-0.26,-0.4393014785659057,-0.5188715189209899
2022-02-07,0.0040222471826276,-0.0525491578965081,0.1053923968649316,-0.5013405315273953,-0.8394292818350713,-1.5908463719553054,-0.6470809628822797,39.68844266616643,0.0031677532710046,0.2343318134927997,47.87938862412648,1.5343674825586882,-0.0648570056488363,-0.3363513411536062,-0.6210846937807937,0.4090557378798793,False,False,False,False,False,False,0.1121800762656709,-0.1408923739117334,0.3572933605845786,0.6186314242114962,-0.09350312690724,-0.5064118265197245,-0.5299433550780981,-0.0868124874246734,0.1664821479423122,45.0,0.035725380726277,0.6687106030999344,0.26637864,55.0,0.20979795126708914,0.11012646143930227,-0.1,-0.35447610892442927,-0.49184754995834545
2022-02-08,-0.0437342757027118,-0.0979144117275369,-0.1167208809555255,-0.5284074045309419,-0.82471151483293,-1.618599114527762,-0.6484390049651907,38.27146072069549,0.0030327394919516,0.2340264190380215,36.60896933809381,1.5372596130129987,-0.0837407976573474,-0.3562199196485477,-0.6371250922821389,-0.8626585873887521,False,False,False,False,False,False,0.166021049219483,-0.1120924000353696,0.4408705357641028,0.6737835039669409,-0.0602708738118857,-0.4783138722032234,-0.5012963269799248,-0.1258893543464873,0.1165663671918025,48.0,0.0200355262781748,0.6688517221200839,0.32794887,79.0,0.23933568051898904,0.12417951994481108,-0.04,-0.27585708169332196,-0.4626960951223232
2022-02-09,0.0369684131405045,0.0040696404342764,-0.0925472184759095,-0.4927777901429379,-0.7613021613058915,-1.535928365987621,-0.6445792171546317,40.20813611909124,0.0032075714451335,0.213565015575065,24.595353122681885,1.5477759537674984,-0.0322703190139635,-0.322927720733881,-0.6233003613279428,-0.9944850406728252,False,False,True,False,False,False,0.2803232780151031,-0.1192327234886747,0.4831423191471514,0.6292218738344443,-0.1047890146824477,-0.5908778875087622,-0.5615425109685044,-0.160561154977608,0.1586165289020424,54.0,0.0157385421344551,0.668795645121768,0.30382743,66.0,0.2554586190837952,0.135769707998579,0.08,-0.1868928112699915,-0.4276834438241088
2022-02-10,-0.0849330844568203,0.0330391000905243,-0.1261487692348955,-0.6644500697682585,-0.8454538885692059,-1.8228965184547408,-0.800648880277491,37.37496502586617,0.0028054252535425,0.2229247810553016,23.764581651568548,1.5193289365644669,-0.1003490031743198,-0.368963516850444,-0.6537218080291601,93.875,False,False,False,False,False,False,0.228210086037858,-0.0431192885732795,0.6751589240237638,0.6704558354550387,0.0083333885054739,-0.5772494206521546,-0.5891264753770511,-0.2289135128983438,0.0642747288459818,50.0,-0.0093828426989178,0.6682634502176801,0.19384852,57.0,0.2400560944421837,0.13951672816108032,0.0,-0.14016960845249363,-0.4000909635773921
2022-02-11,0.049017678190241,-0.0786011093421646,-0.1040006898590993,-0.6391811761781243,-0.6607974843621454,-1.268251070951118,-1.0552210055576554,39.95719191126869,0.0028742143633002,0.218468022700416,24.24146843610782,1.531444820170217,-0.0534618591575476,-0.327560087860362,-0.6361277178970732,14.920158102766798,False,False,False,False,False,False,0.159758546296116,-0.0174585674604854,0.5370169278822383,0.5283908137257973,0.0104215107485091,-0.6218232400765981,-0.6342568265854006,-0.1901749629506773,0.1177427385064908,50.0,-0.0379129257853289,0.6674240927435844,0.08320286,58.0,0.2008427861439995,0.13588357545710397,0.0,-0.10512720633937023,-0.3742786433465926
2022-02-12,-0.0045607623324289,-0.0784578977466481,-0.1106237067424144,-0.6468083091229571,-0.6694052650836827,-1.358430863082665,-1.0626942854009922,39.789121697269,0.0029040175550737,0.2064484966847337,23.988916715657684,1.5301475974923209,-0.0516913502435492,-0.3226256475308516,-0.6375028263871526,-0.9900524686760348,False,False,False,False,False,False,-0.0196218548821132,0.222899433842676,0.6301387625660106,0.6767938206996768,0.0610527642500632,-0.6225615265249214,-0.6977527587899816,-0.193859972860795,0.1126565867083615,44.0,-0.0379129257853289,0.6586036468703765,-0.10625567,32.0,0.124068171389983,0.12026168846812524,-0.12,-0.10884540475452767,-0.3578735695822963
2022-02-13,0.0066326151302063,-0.0365871688483811,-0.1057063942765658,-0.6086488729516641,-0.7732041164378579,-1.5240562683941006,-1.0659761038744038,40.18357771273521,0.0029703185780309,0.1928980761129517,22.33549919326668,1.5328061054130335,-0.0482303942867751,-0.3098601208061739,-0.6349179404164432,0.951747088186356,False,False,False,False,False,False,-0.0439268631572263,0.1895053269011634,0.7143003565332485,0.4802915512598733,0.0692058705811858,-0.6024650837469161,-0.7060319582615289,-0.1884953853640046,0.1200609375808265,44.0,-0.0379129257853289,0.6571486882262462,0.25376928,18.0,0.1564934481740638,0.12887508137510467,-0.12,-0.11163405356589576,-0.3425268876737611
2022-02-14,0.1469315378365144,0.1063221218055054,0.0537729639089973,-0.4581759133563574,-0.6122743856168029,-1.437761848412339,-0.8604029254749546,48.827502414256976,0.0039892205788876,0.1832486988401701,23.34850752326393,1.6396361937052006,0.1004219555424719,-0.1923902538044716,-0.576866531598824,39.46803069053709,False,False,False,True,False,False,-0.2275462900101007,0.4104296335546688,0.5002533490089585,0.1560713351327182,-0.1065012336275279,-0.6661925452468089,-0.7571275024424173,-0.0600547665064657,0.2410715841688669,46.0,-0.0170674448208366,0.6580074253070136,0.0031912255,47.0,0.11816789249642896,0.12076644550984145,-0.08,-0.10372554017442183,-0.32558966911416365
2022-02-15,0.0035407427609838,0.1535971402692012,0.0556827285416642,-0.4165767062013918,-0.6022207628207055,-3.867926718270157,-0.9668653823127378,49.03338737348281,0.004587211028544,0.1759855525376363,24.11812453154357,1.638780291898756,0.1028762050139104,-0.1799935125796029,-0.5751143670453464,-0.6657608123196191,True,False,False,False,False,False,-0.2385149474282797,0.6292986569735075,0.5515919357953541,0.1130432222920514,-0.1016866405276581,-0.6656892589164946,-0.7834806705060726,-0.0567207632845262,0.2454736881562425,46.0,-0.006567405614636,0.6773228920903048,0.16075192,64.0,0.12881390035200274,0.12334615379428548,-0.08,-0.09779415513081638,-0.30974517433260473
2022-02-16,0.1304838798639808,0.2471126069926773,0.2511822474269539,-0.2603947126851003,-0.4608360335513458,-1.3651046143334915,-1.0693034275188542,56.47087148611611,0.0058582238602073,0.1833268291035273,32.51955409391682,1.7134586664459206,0.2420728662750049,-0.0569143730371856,-0.51560584369004,3.781671498802471,False,False,False,False,True,False,-0.3120743083912472,1.2893251286965874,0.4175944460445186,-0.0657440466604929,-0.2326387915392181,-0.731402569784171,-0.8124241879376828,0.0747530937522809,0.4190672787349258,51.0,-0.0019780049665237,0.6751573875010521,0.12522046,69.0,0.1279155409339678,0.12346707694819371,0.02,-0.06834561634811229,-0.288471292117598
2022-02-17,-0.1264877965216438,0.2055578949278539,0.2385969950183783,-0.3429162353983095,-0.5805332845741419,-1.2431347715250929,-1.3595022156538437,48.9926724336492,0.0054917247758318,0.2065323263988559,33.3111652867645,1.7584346815027814,0.0914387501273136,-0.1605478007361568,-0.5728201525737602,-0.5665383702844489,False,False,False,False,False,False,-0.2209144654449403,1.1130070670009924,0.6529407862979478,0.0804496117498006,-0.1605728357716213,-0.6906068504346812,-0.8062962131989618,-0.0529437993342452,0.2504606623607947,52.0,-0.0317446225700947,0.733696385310861,0.0506716,54.0,0.10860455565181461,0.11877059455188155,0.04,-0.04125921226108421,-0.26727959585194655
2022-02-18,-0.0083283830302316,0.1482118337073811,0.0696107243652165,-0.2663640368124641,-0.5651041137256768,-3.026946575179012,-1.3575368913862949,48.56663854989861,0.0050208333053949,0.1996702401561693,33.86191694613909,1.738347954568194,0.0799742760043417,-0.1585153376857452,-0.5759777124986402,-0.0900410521514368,False,False,False,False,False,False,-0.1528051802873745,0.8636630835187841,0.682271889519446,0.1573694050380086,-0.1116301126542541,-0.6969252019978519,-0.7814551846225766,-0.0607984922774792,0.2400895940614345,30.0,-0.0533494263132259,0.733182341119862,0.010559866,56.0,0.08409338329007542,0.11178925723917034,-0.4,-0.13094440919581316,-0.2758422025711758
2022-02-19,-0.1725895154178768,-0.0198169193780668,-0.098274817124715,-0.3741891057528192,-0.7535099074090663,-1.6748562737926374,-1.3771280161907555,41.24548331575518,0.0034207016949455,0.2355184256052818,34.80008305981082,1.8207119616102925,-0.0853480701574282,-0.2836979128968535,-0.6429013566110047,-0.4820545381633472,False,False,True,False,False,False,0.2473752499813498,1.0590499137142395,1.0278914079518389,0.2998593794593809,0.005550773499625,-0.6250938303968656,-0.7352322436731598,-0.4784845262761171,0.0435142619554387,25.0,-0.0533494263132259,0.7279351129095056,-0.095034234,31.0,0.039311478911119066,0.09844580617691742,-0.5,-0.22320830689685986,-0.2903039959536806
2022-02-20,-0.0184713313750528,-0.044920865883326,-0.0815080347317073,-0.2313424788593688,-0.7633742756416182,-1.2819146137994075,-1.3992897564321811,40.60505706604828,0.0022154400767693,0.2330882264514195,36.01271800433295,1.7401260982961912,-0.0960789729489861,-0.2876283056395593,-0.6489288143334011,0.9936124911284598,False,True,False,False,False,False,0.2441572522675928,0.6673775143803838,0.7206785749707365,0.34845446792503,-0.0070328345523335,-0.5519762855681972,-0.7297468985202841,-0.4880291887199202,0.0244160915511366,27.0,-0.0533494263132259,0.6331930353110132,-0.20873895,26.0,-0.022701129035445033,0.07862743462517197,-0.46,-0.2824062301726449,-0.3012521252469915
2022-02-21,-0.0663307906289839,-0.2581831943488245,-0.1518610725433189,-0.1462690779369975,-0.8455717074385483,-1.398087122001744,-1.409523127676085,38.39488228924285,0.0010459868701863,0.2416074122783004,38.57581440715386,1.675821111932375,-0.1458253405381639,-0.3231555506424872,-0.670947315118556,-0.4500469270850189,False,False,False,False,False,True,0.8259082910911412,0.579887454572691,0.88408457224566,0.4142431265564557,0.0040049516763952,-0.5497347310091918,-0.7296152787187244,-0.5208868343054883,-0.0413296504457172,25.0,-0.0533494263132259,0.630019422020322,0.010565299,50.0,-0.014384522124224884,0.07423632907576962,-0.5,-0.33680467262948366,-0.31407456877944373
2022-02-22,-0.0107607986572478,-0.2724847357670562,-0.118887595497855,-0.2429254616187617,-0.7474776461885824,-1.3656727716373196,-1.5482783085068053,38.04681669986004,0.0002788369138052,0.2339330270673169,41.15521262334116,1.643529680781323,-0.1490745561016811,-0.3206748810364232,-0.674030020568547,-0.0084740775613487,False,True,False,False,False,False,1.1396331437773723,0.6227708106355883,0.8850874843661837,0.1523946716313512,-0.0125522102294357,-0.5425948798222143,-0.7360198145350512,-0.5260148344441816,-0.0515904030976493,20.0,-0.0452623372631859,0.6282230025765317,-0.058534484,64.0,-0.025422012682329104,0.0656704701446463,-0.6,-0.4026035044721128,-0.33252137079367317
2022-02-23,0.0288941623665079,-0.3740744532645291,-0.1269618462718515,-0.0283353119691271,-0.7229975060949506,-1.4399052399778556,-1.4998099890606595,39.643478233483584,2.359392219296666e-05,0.2195261578084882,41.355614480751726,1.517270217595855,-0.1237826125382643,-0.2881883947659165,-0.6638868650312976,-0.3656003323639385,False,False,False,False,False,False,2.327866885365005,0.6839207798702551,0.8497756641092639,0.0553904146772082,-0.0179699435461546,-0.5728235486205097,-0.7274330084772134,-0.5121196519945521,-0.0237871608369254,25.0,-0.0446943903738877,0.634851598573545,0.1189555,44.0,0.01067236559423023,0.06910821403363095,-0.5,-0.4269526283540846,-0.3433264436456943
2022-02-24,-0.0020477819403431,-0.2496344386832282,-0.0440765437553743,-0.2087620960272156,-0.7356022873167937,-1.41645225226918,-1.4537995599057232,39.56460512799762,-6.984116294946573e-05,0.2144552931861564,42.943038069546816,1.37249150053267,-0.1183546762742698,-0.2773772003450163,-0.664142210656133,-0.9780147815511272,False,False,False,False,False,False,1.7121631365004657,0.7506455130923082,0.7457304923247636,0.0840204447988327,-0.1302264495619721,-0.5926500399740959,-0.7172819935155486,-0.5131177023167639,-0.0257841864245663,23.0,-0.0260002943655353,0.6412602977841696,-0.270188,67.0,-0.05954272674894174,0.04721813546510911,-0.54,-0.45521447126556347,-0.3560150601846818
2022-02-25,0.075481456341422,-0.1658245993115746,-0.0176127656041934,-0.1460753903466822,-0.7108166801325798,-1.370224362968049,-1.4647921257864078,44.14214004254669,0.0003965602996391,0.1914605087449887,43.16339261509044,1.4009688989129443,-0.0448797873335116,-0.2094377471517811,-0.6371982388144337,96.65531914893616,False,False,False,False,False,False,1.1998046259902202,0.5643278512027782,0.5555484614785753,-0.0371654259204268,-0.1654747443687178,-0.6398874389065006,-0.75099504210087,-0.4749445575527975,0.0505974800683799,27.0,-0.0195179314603338,0.6454222750887076,0.08698113,56.0,-0.02291176190507293,0.049783490120684885,-0.46,-0.4564108534491726,-0.36272376597921846
2022-02-26,0.2142766275219497,0.221041543628252,0.2012246242501851,0.1195327708731018,-0.4909114279401317,-1.1646262055825778,-1.3223376947899597,55.951754892573526,0.0021988638329534,0.1659811725601713,45.64026542915301,1.584423212853468,0.1732152637251157,-0.0119332229816876,-0.5499352030449027,6.789097564164016,False,False,False,False,False,False,0.6507060836304277,0.3330112987653286,0.3711624801646555,-0.2288562508040074,-0.2962501623803214,-0.6911712280196095,-0.8001830816409422,-0.3494745055945294,0.3016538633657691,26.0,-0.0195179314603338,0.6453035496861125,0.010619495,33.0,-0.014528947662799656,0.047256780762190385,-0.48,-0.4623081400868794,-0.3702899746257205
2022-02-27,-0.0210544800999728,0.218458394903332,0.1735375290200059,0.0716086919586841,-0.4530838956256284,-1.2130553753995097,-1.9950665203931064,54.60867264206009,0.0031299590347046,0.1668138132830166,47.114738139090896,1.5845290927257112,0.1406172105869669,-0.0241077123443654,-0.5588022253634276,-0.7555383995703544,True,False,False,True,False,False,0.3401662139905808,0.4411876246063171,0.2444597916314093,-0.2215027547541309,-0.3395169970238952,-0.6777960573839173,-0.8127770104184294,-0.3630278021965656,0.4654505768247986,26.0,-0.0195179314603338,0.6560522610348024,0.1730951,33.0,0.03237706602253832,0.05537538246002019,-0.48,-0.4667311050651596,-0.3773680407788998
2022-02-28,0.3172883714422531,0.6020775569745691,0.3438943626257446,0.386834808850051,-0.1512263395339353,-0.9296130802661898,-1.572633839557826,68.7742579953604,0.0063686931805041,0.1344914218919226,65.97603441757222,1.927985281022881,0.5201120063459708,0.341549766635901,-0.3939665174062228,1.381893908188018,False,False,False,False,False,False,-0.1347388791205012,0.0636853575090515,-0.1803410055848713,-0.4135199189793108,-0.5540890868801879,-0.7125334960309123,-0.8669439996986991,-0.1251832983874673,1.0126477174592023,20.0,-0.0228443426437437,0.809197821067775,0.12088305,62.0,0.05450356141208349,0.05960168343554914,-0.6,-0.5000483287988697,-0.3917313929867127
2022-03-01,0.1477960305650452,0.7606343861968621,0.4881496504298059,0.5329155367507383,0.0722740329905618,-0.6895413999108811,-1.546134569908836,73.91091524703057,0.0097294126726987,0.1179660073119708,89.8613587249805,1.983847427970702,0.6944757110705521,0.550118247178397,-0.2974934665843101,-0.29980592598286,True,False,False,False,True,False,-0.2415658659265765,-0.0476933561846156,-0.3168574603998157,-0.4675819035213326,-0.6153541060283734,-0.7576892785691127,-0.8832730710966658,0.014154369882034,1.3332150311396271,51.0,-0.0170383062934201,0.8120486882601116,0.19929978,62.0,0.09070261668770566,0.06861446402129256,0.02,-0.3700362465991523,-0.36516807731015066
2022-03-02,0.4705912999407317,1.202331523771086,0.8282570705065568,1.016054657040519,0.5037853769343325,-0.1143399047997065,-1.0460812858707786,85.30071002561857,0.0184092063288151,0.116147004484463,158.38522540062593,2.531203590704642,1.4816396348487988,1.434410031630985,0.1223028127785785,5.573333882188285,True,False,False,False,False,False,-0.4939939493146043,-0.3807806378067335,-0.5919077016939837,-0.6523587622642979,-0.7479835434555344,-0.8496636152111453,-0.9250304814081252,0.623600854147685,2.7353385539414075,52.0,0.0086247021510983,0.8129206642666938,0.19744006,62.0,0.11738697701401304,0.07692579266462435,0.04,-0.2675271849493642,-0.3390282013546571
2022-03-03,-0.2066327838655667,0.997746521845862,0.7481120831626339,0.807790895046635,0.2580064832089466,-0.2930667033884815,-0.964149079452181,69.13528781385679,0.0193642939160742,0.1582124290595709,170.15573194491324,2.6652788443188724,0.9039751800237136,0.9618370324025258,-0.0884091812061488,-0.6806545345240034,True,False,False,False,False,False,-0.3545205708565209,-0.2177305925228259,-0.4886672985513052,-0.5664136245162943,-0.6890606470497869,-0.8156160791224266,-0.9100858529126626,0.3205042195911189,2.038019048511998,39.0,0.0135509168418686,0.8238511266687134,-0.06990482,50.0,0.07056402797778541,0.06745284996813908,-0.22,-0.2556453887120232,-0.3313489625575825
2022-03-04,-0.1338965154517706,0.7883685500526696,0.6225439507410948,0.7389100186161732,0.1636439247219752,-0.3648397913622491,-1.2108891618511453,62.20399226106764,0.016976180492508,0.1841615013603995,170.49215739026224,2.7057078609616925,0.5937798560670249,0.7089080384336196,-0.2032291824582513,-0.389188482530967,False,False,False,False,False,False,-0.288878733719995,-0.0973304647194348,-0.3789814182224512,-0.5201888638519083,-0.6221452103471559,-0.7964167058156019,-0.8900187146610321,0.1550193911966977,1.6572962507782192,33.0,0.0241689680476552,0.8578119493338296,0.030601162,73.0,0.060573311599195705,0.0650753217420286,-0.34,-0.2767340415340174,-0.3319070940054804
2022-03-05,-0.0728887966809477,0.5012031258497719,0.722244669478024,0.7799237660482938,-0.0277354409510121,-0.3357575452776263,-1.0794932496207017,59.07459646900234,0.013554690579302,0.1925266429360868,167.44194027192938,2.682964310029767,0.4286804285109911,0.5845768693628307,-0.259860049574842,-0.3944994381721868,False,True,True,False,False,False,-0.1924599345792602,-0.0151324674330964,-0.368709145513323,-0.4792885207643895,-0.6108283948964174,-0.7838066836275993,-0.858688457639115,-0.4844075419843379,1.470499512818649,22.0,0.0241689680476552,0.8578881027996289,0.043462534,33.0,0.056295617075339484,0.0636809483073023,-0.56,-0.3475505311505131,-0.34662276535996556
2022-03-06,-0.2294639593878076,0.2927936465619372,0.5112520414652691,0.3898019190375559,-0.2246409772840768,-0.4863660783816567,-1.1283269072279345,51.50715050800618,0.0080253785660729,0.2451337651187076,164.482811015363,2.7798555782821066,0.1183787908806517,0.2644167950513936,-0.411680383107385,0.0321662748979338,False,True,False,False,False,False,0.0753797622721194,0.0319670021519751,-0.1912722486088395,-0.3624819361345265,-0.5350286913955461,-0.7207459223837545,-0.8197408500638053,-0.5901248160408875,0.9639473513336032,22.0,0.0241689680476552,0.767386279894434,0.013022657,24.0,0.04547737694462801,0.060412671419895286,-0.56,-0.4006628983628848,-0.36038903856254845
2022-03-07,-0.1202292188755532,-0.1447239437558692,0.4573536132186999,0.2742766740899481,-0.2843310624584376,-0.5722090750619514,-1.3623033205706618,48.56460683365773,0.0028755578513124,0.2669797074044894,162.1875416297738,2.818055925147362,-0.0169750769996686,0.1274309999984163,-0.4781190788967618,-0.3749250868991969,False,True,False,False,False,False,0.2293229544716668,0.1925435364351599,-0.1048456505789754,-0.3069611078166997,-0.5112035500187737,-0.642426337881141,-0.7919185914550895,-0.6365566404702788,0.7414658199443142,23.0,-0.0206397240194853,0.7677365381591473,0.16055569,46.0,0.07424695534021158,0.0668735113622867,-0.54,-0.4354971737721636,-0.371976842526255
2022-03-08,0.0160206532749656,-0.2764993210459487,0.4841350651509135,0.3255354411329744,-0.1996561470809916,-0.565911545719354,-1.343940748327141,48.96154448555685,-0.0005122795657701,0.2517600415207172,161.39776011303488,2.813563924617984,-0.0049738837891815,0.1508145846428618,-0.4696763572590627,-0.4476920969730174,False,False,False,False,False,False,0.2556220784799122,0.1616473946976247,-0.2898598717215067,-0.2841965865824281,-0.5416108209167672,-0.6745618233949353,-0.8007168783650994,-0.6306871494204046,0.7695899217494789,21.0,-0.0500258485464492,0.7656009389322636,-0.06837752,56.0,0.03859083721422031,0.05814763855415508,-0.58,-0.4716228803291227,-0.3853976913955289
2022-03-09,0.0658839690967903,-0.6812066518898899,0.5211248718811959,0.387397163047137,-0.1139433684802583,-0.4520321187879343,-1.2034492089081683,50.71665274143833,-0.0021521921808289,0.2241194501319046,158.4879398810853,2.819941163364972,0.0494441940978543,0.2313630007292279,-0.4336108444023884,-0.3870647753199088,False,False,False,False,False,False,0.2237390469037296,0.0984932820009429,-0.3732541178341386,-0.3616832776854621,-0.6649417660069101,-0.6809154720751364,-0.8118393200841894,-0.6055359186972523,0.8901039096527886,22.0,-0.022206658961182,0.8102397726942123,0.10807184,59.0,0.0559610882355487,0.06136855486030855,-0.56,-0.49371716024684204,-0.3966623564667851
2022-03-10,0.0368119307242286,-0.4377619373000944,0.5599845845457677,0.4679433694740775,-0.0604640350568644,-0.3567681453588524,-1.1506557450536847,51.76713584164381,-0.0028553857154202,0.2100276053768386,155.1717132377022,2.813564732433843,0.0728576267801109,0.2758749173345178,-0.4127650146507318,0.3187408965852079,False,False,False,True,False,False,0.2119199654669227,-0.0028075476907159,-0.3807881511751406,-0.4035721839067603,-0.673273722066949,-0.6876673804505229,-0.8287122624621863,-0.5907443515123705,0.1444753349970101,28.0,-0.0109132410948162,0.8370973190156594,0.004202501,67.0,0.04302144140591589,0.05768042234783816,-0.44,-0.4802878701851315,-0.399458333468928
2022-03-11,-0.0370468845179804,-0.3409123063663042,0.4474562436863651,0.3939280718155925,-0.0988497183273452,-0.3673740894902989,-1.1420002941720286,50.59838325049278,-0.0036434232586918,0.2080531332657373,149.12703771448602,2.818329785130075,0.0146910499301082,0.227151708831909,-0.4342221869282806,1.768055470331963,False,False,False,False,False,False,0.2693609066180532,-0.0056122440813494,-0.3845058928412799,-0.4143461294992585,-0.7240869987363625,-0.7043031456096391,-0.832545643811016,-0.6056285886426493,0.1028518599422345,22.0,-0.0424305668087065,0.8376205765456345,0.08943999,52.0,0.05462607808850979,0.05972942659225451,-0.56,-0.5002159026388486,-0.40981586034190043
2022-03-12,0.054260901189278,-0.2137626084960783,0.2874405173536936,0.5331220574616911,-0.1313280123065673,-0.312331831107515,-1.2897744609930502,52.311429793939126,-0.0035461719266585,0.1893664716850283,142.21371638005357,2.799126657750311,0.0482716167079912,0.2870428549756839,-0.4030796947700027,-0.4404025625678881,False,False,False,False,False,False,0.2195896832112889,0.0286202985936155,-0.4215024659504034,-0.4602648034009663,-0.7519425678156498,-0.7589116693163878,-0.8479773152081646,-0.5836384327235922,0.164346896492378,22.0,-0.0424305668087065,0.836612141417525,0.07583597,36.0,0.05992855182247442,0.06076855862013282,-0.56,-0.5151619269791365,-0.41950515967468105
2022-03-13,0.0569725155335989,0.0726738664253282,0.3654675129872653,0.5410768948050488,-0.0981042813730754,-0.1197205895570966,-0.7271741761460694,54.20955740106573,-0.0028327263941865,0.1741698672712934,133.54054701483292,2.800381565177108,0.0810508663192769,0.3479564648183815,-0.3686117607833075,0.0375930914276658,False,False,False,False,False,False,-0.040369701609801,-0.1365039704865958,-0.4598224187093421,-0.4780882144186278,-0.7798553543883722,-0.787093206593294,-0.8462573368659962,-0.5592285221128084,0.232608729228862,21.0,-0.0424305668087065,0.8368073386260297,0.11675994,23.0,0.07413639911232205,0.06438090586927683,-0.58,-0.5313714452343524,-0.429859665502121
2022-03-14,0.0135604890148254,0.2064635743157069,0.0617396305598377,0.5591981461523031,-0.0876101629706539,-0.1102071189313796,-0.7992327169303618,54.688381455111696,-0.0022073460068362,0.1632958228196027,124.05900499579712,2.7992542943144483,0.0671240783128568,0.3533944478591199,-0.3603950820894216,-0.7435956171496201,False,False,False,False,False,False,-0.0299184342915924,-0.2294159277188755,-0.4486338682012942,-0.5449072314236584,-0.7842307768719828,-0.8272151436284935,-0.8374368169285824,-0.5532107354798149,0.2494373506496948,23.0,-0.0446107211599941,0.855274919677452,-0.028824342,63.0,0.048396213730557344,0.05836766404450177,-0.54,-0.5335285839257643,-0.4369654935342423
2022-03-15,0.0371882087978987,0.22763112983864,-0.0488681912073087,0.5897537398199955,-0.0188951331316686,-0.1834503766178624,-0.9343025285741052,56.07968780364759,-0.001401923636716,0.1513657548520661,114.3844428607518,2.7996336214052424,0.0780148881747537,0.3859703594027939,-0.3365419115676219,-0.4757296009529481,False,False,False,False,False,False,-0.0748431278749538,-0.282644362467958,-0.44091737683825,-0.5463052346971358,-0.7795812756145213,-0.8370053594768021,-0.8489377925679917,-0.5362826309459072,0.2967764605163582,21.0,-0.0154624068928472,0.8555382248383047,-0.008651577,73.0,0.034134266063856764,0.05404384204574392,-0.58,-0.5451464379443233,-0.4461935262094525
2022-03-16,0.0401638036445022,0.2019109643863517,-0.4792956875035382,0.4829860056279834,0.0248100922716259,-0.1292883799888196,-0.9547758427843552,57.6517295267095,-0.000472648027588,0.142089373664122,103.77650169241456,2.7630745851851275,0.0906340215295742,0.4261727586807364,-0.3099741370428172,8.406986651519455,True,False,False,False,False,False,-0.1023467913520288,-0.3409568188233665,-0.4385814479308889,-0.5446358564455489,-0.7940613439363405,-0.8501626161140883,-0.9774311554462212,-0.5172789011088202,0.3499200155335351,24.0,0.0366371015699626,0.87050826303558,0.2353055,60.0,0.08442707530058002,0.06573814275316366,-0.52,-0.5388598284582424,-0.45095523419593947
2022-03-17,0.0271068167112884,0.1922058503734116,-0.2455560869266829,0.506552079578288,0.0899753733768962,-0.0956686832424175,-3.3613746386918697,58.76122244803199,0.0003482637619016,0.1315396792178746,93.76217530325135,2.762949145161046,0.090556351312262,0.4478877189708362,-0.2917518430892633,-0.771330233681541,True,False,False,False,False,False,-0.177179615218988,-0.3463470556802837,-0.4457326704338016,-0.5927266592545705,-0.7985545060300305,-0.8695320313592436,-0.977885246621088,-0.504014908617729,0.3870125084673212,27.0,0.0561693506143612,0.8540124865340838,0.17910287,59.0,0.10809602343586516,0.07305199598468345,-0.46,-0.5191448713436818,-0.4515387674736208
