Date,Headline,Publisher
2014-03-28,"Greenlane Renewables Signs New $7.0 Million System Supply Contract with the Renewable Natural Gas Company, a Leader in Landfill Gas to RNG Projects",Twitter/Retail
2014-04-26,The burning and releasing of vast amounts of natural gas into the atmosphere in America's top shale basin is much b… https://t.co/1GTK2pVATM,Twitter/Retail
2014-05-21,$UNG $CHK $RRC - Natural gas hits the skids on warm winter weather outlook https://t.co/WZRJoML1jT,Twitter/Retail
2014-11-25,PUCO accepts results of Dominion Energy Ohio's natural gas supply auction #Stock #MarketScreener… https://t.co/91Trlb6bEf,Twitter/Retail
2015-01-05,Natural Gas Price Fundamental Daily Forecast – Early Weakness as Forecasts Indicate Return to Seasonal Temperatures,Twitter/Retail
2015-12-29,"Natural Gas Demand Is Rising, But Production Has Reached A Major Long-Term Peak. Keep reading:… https://t.co/gXfKjJLCqJ",Twitter/Retail
2016-02-05,Much of the electricity that will be used to recharge electric vehicles in the future will come from natural gas be… https://t.co/dCoddkApke,Twitter/Retail
2016-03-25,$UNG $UGAZ $DGAZ - Natural gas sinks 5% to near four-year lows https://t.co/U80UHz81yR,Twitter/Retail
2016-04-23,"Jan. natural gas traded at $2.289/mln Btus, up 4.7 cents, or 2.1%",Twitter/Retail
2016-05-16,Natural gas production in the U.S. is expected to drop by the fastest pace ever next year https://t.co/2n0o5cGvOf,Twitter/Retail
2016-09-22,Some expect natural gas prices to fall to levels not seen in three years https://t.co/2zAY6thZiD,Twitter/Retail
2017-06-24,"Natural Gas: Production Hits All-Time High, But Prices Supported By Bullish Weather. Continue reading:… https://t.co/cXoctDD13P",Twitter/Retail
2017-11-28,"Qatar, the world's biggest supplier of liquefied natural gas, plans to boost output capacity by almost two thirds https://t.co/D8XYpUKFl6",Twitter/Retail
2018-08-29,Smart Cannabis Cultivators are Leveraging Natural Gas to Cut HVAC Costs up to 80%,Twitter/Retail
2018-12-14,Natural Gas Prices To Trade Sideways With Near-Term Weather Being Variable; Upside Potential Still On Table Longer… https://t.co/uM9WXN9x2M,Twitter/Retail
2019-02-02,Natural Gas Continues To Dig A Deeper Bottom. https://t.co/QaKv8khDJG #stocks #investing #trading,Twitter/Retail
2019-07-02,"Natural Gas $UNG with a bounce today seeing 28,000 March $14 calls active early today",Twitter/Retail
2019-10-15,$GASL - The Withdrawal Season Begins In Natural Gas. Read more and sign up for updates: https://t.co/pJo08goTdN #stocks #trading #markets,Twitter/Retail
2020-05-06,Revealing The True Extent Of Exxon’s Natural Gas Blow Out,Twitter/Retail
2020-09-09,Liquefied Natural Gas : Magnolia LNG EPC Contract Extended #LiquefiedNaturalGas #Stock #MarketScreener… https://t.co/c5RMB3I1lK,Twitter/Retail
2021-02-22,February 2020: Natural Gas Supply-Demand Balance Overview And Forecast. https://t.co/HuoAlaxFwY #investing #stockmarket #stocks,Twitter/Retail
2021-05-06,$COMDX: Natural gas inventory showed a draw of 201 bcf vs a 92 bcf draw last week https://t.co/CGfYWf1Unq,Twitter/Retail
2021-08-13,Natural Gas Price Prediction – Prices Tumble on Warm Weather Forecast,Twitter/Retail
2022-02-12,Natural Gas Price Forecast – Natural Gas Markets Finding Support Again,Twitter/Retail
2022-08-15,Natural Gas: Long Set Up Ahead But Timing Is Important. Read more: https://t.co/eruGN42l53 #stockmarket #stocks #markets,Twitter/Retail
2022-09-24,Natural gas futures tumble 5% and are poised to close at a nearly 4-year low,Twitter/Retail
2023-04-18,"Almost 40% of oil and natural gas producers face insolvency within the year if the oil rout persists, a new Federal… https://t.co/8LK2acX5mE",Twitter/Retail
2023-05-26,EIA Natural Gas Report is due in 5 minutes and the Petroleum Report is due 30 minutes after that.,Twitter/Retail
2023-08-28,Natural Gas Storage: Expecting A Relatively Bullish Draw. https://t.co/MHGs7yNnWd #markets #stocks #stockmarket,Twitter/Retail
2023-12-12,$COMDX: Natural gas inventory showed a draw of 115 bcf vs a 137 bcf draw last week https://t.co/MujjhgPyDZ,Twitter/Retail
